Siemens Gamesa Renewable Energy Service GmbH
Status code list
Units: 
Rymanow WEC  3/MM92/92313
time period: 08/04/2024 - 09/04/2024 [GMT+01:00]
created by Pawel Kurzawinski on 19/04/2024 [GMT+02:00]
Status codes for  Rymanow WEC  3/MM92/92313
Units:
Rymanow WEC  3/MM92/92313

date and time [GMT+01:00];Status code number;Status code name;Status code type;incoming/phasing out
09/04/2024 21:06:58:063;0;System OK;Info;incoming
09/04/2024 21:06:58:063;10;Wind < start wind;Info;phasing out
09/04/2024 21:06:10:410;10;Wind < start wind;Info;incoming
09/04/2024 21:06:10:410;0;System OK;Info;phasing out
09/04/2024 17:45:23:002;0;System OK;Info;incoming
09/04/2024 17:45:23:002;10;Wind < start wind;Info;phasing out
09/04/2024 17:44:35:250;10;Wind < start wind;Info;incoming
09/04/2024 17:44:35:250;0;System OK;Info;phasing out
09/04/2024 17:32:48:956;0;System OK;Info;incoming
09/04/2024 17:32:48:956;10;Wind < start wind;Info;phasing out
09/04/2024 17:32:01:303;10;Wind < start wind;Info;incoming
09/04/2024 17:32:01:303;0;System OK;Info;phasing out
09/04/2024 17:16:37:419;0;System OK;Info;incoming
09/04/2024 17:16:37:419;10;Wind < start wind;Info;phasing out
09/04/2024 17:15:49:766;10;Wind < start wind;Info;incoming
09/04/2024 17:15:49:766;0;System OK;Info;phasing out
09/04/2024 08:04:41:558;0;System OK;Info;incoming
09/04/2024 08:04:41:558;10;Wind < start wind;Info;phasing out
09/04/2024 08:03:53:912;10;Wind < start wind;Info;incoming
09/04/2024 08:03:53:912;0;System OK;Info;phasing out
09/04/2024 07:44:31:573;0;System OK;Info;incoming
09/04/2024 07:44:31:573;10;Wind < start wind;Info;phasing out
09/04/2024 07:43:43:920;10;Wind < start wind;Info;incoming
09/04/2024 07:43:43:920;0;System OK;Info;phasing out
09/04/2024 07:35:03:337;0;System OK;Info;incoming
09/04/2024 07:35:03:337;10;Wind < start wind;Info;phasing out
09/04/2024 07:34:15:588;10;Wind < start wind;Info;incoming
09/04/2024 07:34:15:588;0;System OK;Info;phasing out
09/04/2024 07:24:47:552;0;System OK;Info;incoming
09/04/2024 07:24:47:552;10;Wind < start wind;Info;phasing out
09/04/2024 07:23:59:905;10;Wind < start wind;Info;incoming
09/04/2024 07:23:59:905;0;System OK;Info;phasing out
09/04/2024 06:43:35:534;0;System OK;Info;incoming
09/04/2024 06:43:35:534;10;Wind < start wind;Info;phasing out
09/04/2024 06:42:47:881;10;Wind < start wind;Info;incoming
09/04/2024 06:42:47:881;0;System OK;Info;phasing out
09/04/2024 06:04:38:660;0;System OK;Info;incoming
09/04/2024 06:04:38:660;10;Wind < start wind;Info;phasing out
09/04/2024 06:03:51:011;10;Wind < start wind;Info;incoming
09/04/2024 06:03:51:011;0;System OK;Info;phasing out
09/04/2024 05:57:22:296;0;System OK;Info;incoming
09/04/2024 05:57:22:296;10;Wind < start wind;Info;phasing out
09/04/2024 05:56:34:643;10;Wind < start wind;Info;incoming
09/04/2024 05:56:34:643;0;System OK;Info;phasing out
09/04/2024 02:10:53:023;0;System OK;Info;incoming
09/04/2024 02:10:53:023;10;Wind < start wind;Info;phasing out
09/04/2024 02:10:05:370;10;Wind < start wind;Info;incoming
09/04/2024 02:10:05:370;0;System OK;Info;phasing out
09/04/2024 01:59:39:293;0;System OK;Info;incoming
09/04/2024 01:59:39:293;10;Wind < start wind;Info;phasing out
09/04/2024 01:58:51:540;10;Wind < start wind;Info;incoming
09/04/2024 01:58:51:540;0;System OK;Info;phasing out
08/04/2024 23:32:45:215;0;System OK;Info;incoming
08/04/2024 23:32:45:215;10;Wind < start wind;Info;phasing out
08/04/2024 23:31:57:562;10;Wind < start wind;Info;incoming
08/04/2024 23:31:57:562;0;System OK;Info;phasing out
08/04/2024 23:23:52:446;0;System OK;Info;incoming
08/04/2024 23:23:52:446;10;Wind < start wind;Info;phasing out
08/04/2024 23:23:04:793;10;Wind < start wind;Info;incoming
08/04/2024 23:23:04:793;0;System OK;Info;phasing out
08/04/2024 23:14:54:375;0;System OK;Info;incoming
08/04/2024 23:14:54:375;10;Wind < start wind;Info;phasing out
08/04/2024 23:14:06:726;10;Wind < start wind;Info;incoming
08/04/2024 23:14:06:726;0;System OK;Info;phasing out
08/04/2024 22:59:53:470;0;System OK;Info;incoming
08/04/2024 22:59:53:470;10;Wind < start wind;Info;phasing out
08/04/2024 22:59:05:816;10;Wind < start wind;Info;incoming
08/04/2024 22:59:05:816;0;System OK;Info;phasing out
08/04/2024 22:37:55:272;0;System OK;Info;incoming
08/04/2024 22:37:55:272;10;Wind < start wind;Info;phasing out
08/04/2024 22:37:07:619;10;Wind < start wind;Info;incoming
08/04/2024 22:37:07:619;0;System OK;Info;phasing out
08/04/2024 22:24:35:362;0;System OK;Info;incoming
08/04/2024 22:24:35:362;10;Wind < start wind;Info;phasing out
08/04/2024 22:23:47:715;10;Wind < start wind;Info;incoming
08/04/2024 22:23:47:715;0;System OK;Info;phasing out
08/04/2024 18:51:19:782;0;System OK;Info;incoming
08/04/2024 18:51:19:782;10;Wind < start wind;Info;phasing out
08/04/2024 18:50:32:129;10;Wind < start wind;Info;incoming
08/04/2024 18:50:32:129;0;System OK;Info;phasing out
08/04/2024 18:45:10:649;0;System OK;Info;incoming
08/04/2024 18:45:10:649;10;Wind < start wind;Info;phasing out
08/04/2024 18:44:22:894;10;Wind < start wind;Info;incoming
08/04/2024 18:44:22:894;0;System OK;Info;phasing out
08/04/2024 18:37:44:890;0;System OK;Info;incoming
08/04/2024 18:37:44:890;10;Wind < start wind;Info;phasing out
08/04/2024 18:36:57:237;10;Wind < start wind;Info;incoming
08/04/2024 18:36:57:237;0;System OK;Info;phasing out
08/04/2024 18:30:47:006;0;System OK;Info;incoming
08/04/2024 18:30:47:006;10;Wind < start wind;Info;phasing out
08/04/2024 18:29:59:354;10;Wind < start wind;Info;incoming
08/04/2024 18:29:59:354;0;System OK;Info;phasing out
08/04/2024 18:21:44:436;0;System OK;Info;incoming
08/04/2024 18:21:44:436;10;Wind < start wind;Info;phasing out
08/04/2024 18:20:56:783;10;Wind < start wind;Info;incoming
08/04/2024 18:20:56:783;0;System OK;Info;phasing out
08/04/2024 17:59:08:995;0;System OK;Info;incoming
08/04/2024 17:59:08:995;10;Wind < start wind;Info;phasing out
08/04/2024 17:58:21:343;10;Wind < start wind;Info;incoming
08/04/2024 17:58:21:343;0;System OK;Info;phasing out
08/04/2024 17:48:16:443;0;System OK;Info;incoming
08/04/2024 17:48:16:443;10;Wind < start wind;Info;phasing out
08/04/2024 17:47:28:690;10;Wind < start wind;Info;incoming
08/04/2024 17:47:28:690;0;System OK;Info;phasing out
08/04/2024 17:40:36:803;0;System OK;Info;incoming
08/04/2024 17:40:36:803;10;Wind < start wind;Info;phasing out
08/04/2024 17:39:49:150;10;Wind < start wind;Info;incoming
08/04/2024 17:39:49:150;0;System OK;Info;phasing out
08/04/2024 17:10:33:484;0;System OK;Info;incoming
08/04/2024 17:10:33:484;8000;Park master stop;Info;phasing out
08/04/2024 16:41:11:624;8405;Fallback setpoints active;Info;phasing out
08/04/2024 16:41:11:614;8400;Comm. failure FPM;Warning;phasing out
08/04/2024 16:04:24:069;3500;Grid loss;Info;phasing out
08/04/2024 16:02:36:883;8405;Fallback setpoints active;Info;incoming
08/04/2024 16:02:36:873;8400;Comm. failure FPM;Warning;incoming
08/04/2024 16:02:24:065;3750;Grid measurement error;Error;phasing out
08/04/2024 16:02:21:118;100;Safety chain open;Error;phasing out
08/04/2024 16:01:26:951;8405;Fallback setpoints active;Info;phasing out
08/04/2024 16:01:26:941;8400;Comm. failure FPM;Warning;phasing out
08/04/2024 06:37:10:708;100;Safety chain open;Error;incoming
08/04/2024 06:37:10:698;3750;Grid measurement error;Error;incoming
08/04/2024 06:07:07:313;8405;Fallback setpoints active;Info;incoming
08/04/2024 06:07:07:303;8400;Comm. failure FPM;Warning;incoming
08/04/2024 06:06:53:897;3575;Minimum grid frequency;Info;phasing out
08/04/2024 06:06:53:227;3500;Grid loss;Info;incoming
08/04/2024 06:06:52:698;3575;Minimum grid frequency;Info;incoming
08/04/2024 06:00:07:711;8000;Park master stop;Info;incoming
08/04/2024 06:00:07:711;0;System OK;Info;phasing out

