Siemens Gamesa Renewable Energy Service GmbH
Status code list
Units: 
Rymanow WEC  1/MM92/92158
time period: 08/04/2024 - 09/04/2024 [GMT+01:00]
created by Pawel Kurzawinski on 19/04/2024 [GMT+02:00]
Status codes for  Rymanow WEC  1/MM92/92158
Units:
Rymanow WEC  1/MM92/92158

date and time [GMT+01:00];Status code number;Status code name;Status code type;incoming/phasing out
09/04/2024 23:54:01:880;0;System OK;Info;incoming
09/04/2024 23:54:01:880;10;Wind < start wind;Info;phasing out
09/04/2024 23:53:14:226;10;Wind < start wind;Info;incoming
09/04/2024 23:53:14:226;0;System OK;Info;phasing out
09/04/2024 18:38:13:265;0;System OK;Info;incoming
09/04/2024 18:38:13:265;10;Wind < start wind;Info;phasing out
09/04/2024 18:37:25:611;10;Wind < start wind;Info;incoming
09/04/2024 18:37:25:611;0;System OK;Info;phasing out
09/04/2024 18:02:07:744;0;System OK;Info;incoming
09/04/2024 18:02:07:744;10;Wind < start wind;Info;phasing out
09/04/2024 18:01:20:090;10;Wind < start wind;Info;incoming
09/04/2024 18:01:20:090;0;System OK;Info;phasing out
09/04/2024 17:54:59:058;0;System OK;Info;incoming
09/04/2024 17:54:59:058;10;Wind < start wind;Info;phasing out
09/04/2024 17:54:11:401;10;Wind < start wind;Info;incoming
09/04/2024 17:54:11:401;0;System OK;Info;phasing out
09/04/2024 17:28:35:781;0;System OK;Info;incoming
09/04/2024 17:28:35:781;10;Wind < start wind;Info;phasing out
09/04/2024 17:27:48:127;10;Wind < start wind;Info;incoming
09/04/2024 17:27:48:127;0;System OK;Info;phasing out
09/04/2024 17:17:11:141;0;System OK;Info;incoming
09/04/2024 17:17:11:141;10;Wind < start wind;Info;phasing out
09/04/2024 17:16:23:487;10;Wind < start wind;Info;incoming
09/04/2024 17:16:23:487;0;System OK;Info;phasing out
09/04/2024 07:56:56:389;0;System OK;Info;incoming
09/04/2024 07:56:56:389;10;Wind < start wind;Info;phasing out
09/04/2024 07:56:08:735;10;Wind < start wind;Info;incoming
09/04/2024 07:56:08:735;0;System OK;Info;phasing out
09/04/2024 07:38:16:172;0;System OK;Info;incoming
09/04/2024 07:38:16:172;10;Wind < start wind;Info;phasing out
09/04/2024 07:37:28:518;10;Wind < start wind;Info;incoming
09/04/2024 07:37:28:518;0;System OK;Info;phasing out
09/04/2024 06:32:14:314;0;System OK;Info;incoming
09/04/2024 06:32:14:314;10;Wind < start wind;Info;phasing out
09/04/2024 06:31:26:559;10;Wind < start wind;Info;incoming
09/04/2024 06:31:26:559;0;System OK;Info;phasing out
09/04/2024 05:52:23:910;0;System OK;Info;incoming
09/04/2024 05:52:23:910;10;Wind < start wind;Info;phasing out
09/04/2024 05:51:36:156;10;Wind < start wind;Info;incoming
09/04/2024 05:51:36:156;0;System OK;Info;phasing out
09/04/2024 05:37:48:947;0;System OK;Info;incoming
09/04/2024 05:37:48:947;10;Wind < start wind;Info;phasing out
09/04/2024 05:37:01:292;10;Wind < start wind;Info;incoming
09/04/2024 05:37:01:292;0;System OK;Info;phasing out
09/04/2024 05:28:57:461;0;System OK;Info;incoming
09/04/2024 05:28:57:461;10;Wind < start wind;Info;phasing out
09/04/2024 05:28:09:806;10;Wind < start wind;Info;incoming
09/04/2024 05:28:09:806;0;System OK;Info;phasing out
09/04/2024 05:15:17:645;0;System OK;Info;incoming
09/04/2024 05:15:17:645;10;Wind < start wind;Info;phasing out
09/04/2024 05:14:29:994;10;Wind < start wind;Info;incoming
09/04/2024 05:14:29:994;0;System OK;Info;phasing out
09/04/2024 05:04:13:787;0;System OK;Info;incoming
09/04/2024 05:04:13:787;10;Wind < start wind;Info;phasing out
09/04/2024 05:03:26:033;10;Wind < start wind;Info;incoming
09/04/2024 05:03:26:033;0;System OK;Info;phasing out
08/04/2024 23:36:57:627;0;System OK;Info;incoming
08/04/2024 23:36:57:627;10;Wind < start wind;Info;phasing out
08/04/2024 23:36:09:973;10;Wind < start wind;Info;incoming
08/04/2024 23:36:09:973;0;System OK;Info;phasing out
08/04/2024 22:25:42:714;0;System OK;Info;incoming
08/04/2024 22:25:42:714;10;Wind < start wind;Info;phasing out
08/04/2024 22:24:55:059;10;Wind < start wind;Info;incoming
08/04/2024 22:24:55:059;0;System OK;Info;phasing out
08/04/2024 22:13:52:891;0;System OK;Info;incoming
08/04/2024 22:13:52:891;10;Wind < start wind;Info;phasing out
08/04/2024 22:13:05:237;10;Wind < start wind;Info;incoming
08/04/2024 22:13:05:237;0;System OK;Info;phasing out
08/04/2024 20:01:55:613;0;System OK;Info;incoming
08/04/2024 20:01:55:613;10;Wind < start wind;Info;phasing out
08/04/2024 20:01:07:959;10;Wind < start wind;Info;incoming
08/04/2024 20:01:07:959;0;System OK;Info;phasing out
08/04/2024 19:56:16:439;0;System OK;Info;incoming
08/04/2024 19:56:16:439;10;Wind < start wind;Info;phasing out
08/04/2024 19:55:28:684;10;Wind < start wind;Info;incoming
08/04/2024 19:55:28:684;0;System OK;Info;phasing out
08/04/2024 19:36:53:153;0;System OK;Info;incoming
08/04/2024 19:36:53:153;10;Wind < start wind;Info;phasing out
08/04/2024 19:36:05:399;10;Wind < start wind;Info;incoming
08/04/2024 19:36:05:399;0;System OK;Info;phasing out
08/04/2024 19:26:33:048;0;System OK;Info;incoming
08/04/2024 19:26:33:048;10;Wind < start wind;Info;phasing out
08/04/2024 19:25:45:293;10;Wind < start wind;Info;incoming
08/04/2024 19:25:45:293;0;System OK;Info;phasing out
08/04/2024 17:03:22:334;0;System OK;Info;incoming
08/04/2024 17:03:22:334;8000;Park master stop;Info;phasing out
08/04/2024 16:41:11:178;8405;Fallback setpoints active;Info;phasing out
08/04/2024 16:41:11:168;8400;Comm. failure FPM;Warning;phasing out
08/04/2024 16:04:35:545;3500;Grid loss;Info;phasing out
08/04/2024 16:02:48:355;8405;Fallback setpoints active;Info;incoming
08/04/2024 16:02:48:345;8400;Comm. failure FPM;Warning;incoming
08/04/2024 16:02:35:537;3750;Grid measurement error;Error;phasing out
08/04/2024 16:02:20:591;100;Safety chain open;Error;phasing out
08/04/2024 16:01:38:421;8405;Fallback setpoints active;Info;phasing out
08/04/2024 16:01:38:411;8400;Comm. failure FPM;Warning;phasing out
08/04/2024 06:39:54:724;3750;Grid measurement error;Error;incoming
08/04/2024 06:39:54:704;100;Safety chain open;Error;incoming
08/04/2024 06:07:06:709;8405;Fallback setpoints active;Info;incoming
08/04/2024 06:07:06:699;8400;Comm. failure FPM;Warning;incoming
08/04/2024 06:06:53:761;3575;Minimum grid frequency;Info;phasing out
08/04/2024 06:06:53:222;3500;Grid loss;Info;incoming
08/04/2024 06:06:52:702;3575;Minimum grid frequency;Info;incoming
08/04/2024 06:00:07:092;8000;Park master stop;Info;incoming
08/04/2024 06:00:07:092;0;System OK;Info;phasing out
08/04/2024 03:59:00:368;0;System OK;Info;incoming
08/04/2024 03:59:00:368;10;Wind < start wind;Info;phasing out
08/04/2024 03:58:12:713;10;Wind < start wind;Info;incoming
08/04/2024 03:58:12:713;0;System OK;Info;phasing out
08/04/2024 03:42:04:153;0;System OK;Info;incoming
08/04/2024 03:42:04:153;10;Wind < start wind;Info;phasing out
08/04/2024 03:41:16:498;10;Wind < start wind;Info;incoming
08/04/2024 03:41:16:498;0;System OK;Info;phasing out

