Siemens Gamesa Renewable Energy Service GmbH
Status code list
Units: 
Rymanow WEC  5/MM92/92147
time period: 08/04/2024 - 09/04/2024 [GMT+01:00]
created by Pawel Kurzawinski on 19/04/2024 [GMT+02:00]
Status codes for  Rymanow WEC  5/MM92/92147
Units:
Rymanow WEC  5/MM92/92147

date and time [GMT+01:00];Status code number;Status code name;Status code type;incoming/phasing out
09/04/2024 23:47:34:745;0;System OK;Info;incoming
09/04/2024 23:47:34:745;10;Wind < start wind;Info;phasing out
09/04/2024 23:46:47:092;10;Wind < start wind;Info;incoming
09/04/2024 23:46:47:092;0;System OK;Info;phasing out
09/04/2024 18:07:27:929;0;System OK;Info;incoming
09/04/2024 18:07:27:929;10;Wind < start wind;Info;phasing out
09/04/2024 18:06:40:277;10;Wind < start wind;Info;incoming
09/04/2024 18:06:40:277;0;System OK;Info;phasing out
09/04/2024 07:33:42:606;0;System OK;Info;incoming
09/04/2024 07:33:42:606;10;Wind < start wind;Info;phasing out
09/04/2024 07:32:54:954;10;Wind < start wind;Info;incoming
09/04/2024 07:32:54:954;0;System OK;Info;phasing out
09/04/2024 07:05:25:619;0;System OK;Info;incoming
09/04/2024 07:05:25:619;10;Wind < start wind;Info;phasing out
09/04/2024 07:04:37:967;10;Wind < start wind;Info;incoming
09/04/2024 07:04:37:967;0;System OK;Info;phasing out
09/04/2024 06:49:11:512;0;System OK;Info;incoming
09/04/2024 06:49:11:512;10;Wind < start wind;Info;phasing out
09/04/2024 06:48:23:760;10;Wind < start wind;Info;incoming
09/04/2024 06:48:23:760;0;System OK;Info;phasing out
09/04/2024 06:04:44:898;0;System OK;Info;incoming
09/04/2024 06:04:44:898;10;Wind < start wind;Info;phasing out
09/04/2024 06:03:57:249;10;Wind < start wind;Info;incoming
09/04/2024 06:03:57:249;0;System OK;Info;phasing out
09/04/2024 05:32:57:317;0;System OK;Info;incoming
09/04/2024 05:32:57:317;10;Wind < start wind;Info;phasing out
09/04/2024 05:32:09:664;10;Wind < start wind;Info;incoming
09/04/2024 05:32:09:664;0;System OK;Info;phasing out
09/04/2024 05:21:10:625;0;System OK;Info;incoming
09/04/2024 05:21:10:625;10;Wind < start wind;Info;phasing out
09/04/2024 05:20:22:972;10;Wind < start wind;Info;incoming
09/04/2024 05:20:22:972;0;System OK;Info;phasing out
09/04/2024 05:06:25:313;0;System OK;Info;incoming
09/04/2024 05:06:25:313;10;Wind < start wind;Info;phasing out
09/04/2024 05:05:37:661;10;Wind < start wind;Info;incoming
09/04/2024 05:05:37:661;0;System OK;Info;phasing out
09/04/2024 04:49:48:518;0;System OK;Info;incoming
09/04/2024 04:49:48:518;10;Wind < start wind;Info;phasing out
09/04/2024 04:49:00:865;10;Wind < start wind;Info;incoming
09/04/2024 04:49:00:865;0;System OK;Info;phasing out
09/04/2024 04:39:54:316;0;System OK;Info;incoming
09/04/2024 04:39:54:316;10;Wind < start wind;Info;phasing out
09/04/2024 04:39:06:664;10;Wind < start wind;Info;incoming
09/04/2024 04:39:06:664;0;System OK;Info;phasing out
09/04/2024 04:27:27:163;0;System OK;Info;incoming
09/04/2024 04:27:27:163;10;Wind < start wind;Info;phasing out
09/04/2024 04:26:39:410;10;Wind < start wind;Info;incoming
09/04/2024 04:26:39:410;0;System OK;Info;phasing out
09/04/2024 04:15:57:268;0;System OK;Info;incoming
09/04/2024 04:15:57:268;65;Absence of wind during run-up;Info;phasing out
09/04/2024 04:13:38:413;65;Absence of wind during run-up;Info;incoming
09/04/2024 04:13:38:413;0;System OK;Info;phasing out
09/04/2024 03:04:51:755;0;System OK;Info;incoming
09/04/2024 03:04:51:755;10;Wind < start wind;Info;phasing out
09/04/2024 03:04:04:110;10;Wind < start wind;Info;incoming
09/04/2024 03:04:04:110;0;System OK;Info;phasing out
09/04/2024 02:51:01:995;0;System OK;Info;incoming
09/04/2024 02:51:01:995;10;Wind < start wind;Info;phasing out
09/04/2024 02:50:14:242;10;Wind < start wind;Info;incoming
09/04/2024 02:50:14:242;0;System OK;Info;phasing out
09/04/2024 02:35:33:126;0;System OK;Info;incoming
09/04/2024 02:35:33:126;10;Wind < start wind;Info;phasing out
09/04/2024 02:34:45:473;10;Wind < start wind;Info;incoming
09/04/2024 02:34:45:473;0;System OK;Info;phasing out
09/04/2024 02:27:54:485;0;System OK;Info;incoming
09/04/2024 02:27:54:485;10;Wind < start wind;Info;phasing out
09/04/2024 02:27:06:833;10;Wind < start wind;Info;incoming
09/04/2024 02:27:06:833;0;System OK;Info;phasing out
09/04/2024 02:14:22:806;0;System OK;Info;incoming
09/04/2024 02:14:22:806;10;Wind < start wind;Info;phasing out
09/04/2024 02:13:35:153;10;Wind < start wind;Info;incoming
09/04/2024 02:13:35:153;0;System OK;Info;phasing out
09/04/2024 02:07:33:612;0;System OK;Info;incoming
09/04/2024 02:07:33:612;10;Wind < start wind;Info;phasing out
09/04/2024 02:06:45:960;10;Wind < start wind;Info;incoming
09/04/2024 02:06:45:960;0;System OK;Info;phasing out
09/04/2024 01:23:52:942;0;System OK;Info;incoming
09/04/2024 01:23:52:942;10;Wind < start wind;Info;phasing out
09/04/2024 01:23:05:289;10;Wind < start wind;Info;incoming
09/04/2024 01:23:05:289;0;System OK;Info;phasing out
09/04/2024 00:57:18:812;0;System OK;Info;incoming
09/04/2024 00:57:18:812;10;Wind < start wind;Info;phasing out
09/04/2024 00:56:31:160;10;Wind < start wind;Info;incoming
09/04/2024 00:56:31:160;0;System OK;Info;phasing out
09/04/2024 00:49:03:209;0;System OK;Info;incoming
09/04/2024 00:49:03:209;10;Wind < start wind;Info;phasing out
09/04/2024 00:48:15:457;10;Wind < start wind;Info;incoming
09/04/2024 00:48:15:457;0;System OK;Info;phasing out
09/04/2024 00:32:55:778;0;System OK;Info;incoming
09/04/2024 00:32:55:778;10;Wind < start wind;Info;phasing out
09/04/2024 00:32:08:026;10;Wind < start wind;Info;incoming
09/04/2024 00:32:08:026;0;System OK;Info;phasing out
09/04/2024 00:18:47:829;0;System OK;Info;incoming
09/04/2024 00:18:47:829;10;Wind < start wind;Info;phasing out
09/04/2024 00:18:00:177;10;Wind < start wind;Info;incoming
09/04/2024 00:18:00:177;0;System OK;Info;phasing out
09/04/2024 00:02:00:350;0;System OK;Info;incoming
09/04/2024 00:02:00:350;65;Absence of wind during run-up;Info;phasing out
08/04/2024 23:59:41:488;65;Absence of wind during run-up;Info;incoming
08/04/2024 23:59:41:488;0;System OK;Info;phasing out
08/04/2024 23:23:24:672;0;System OK;Info;incoming
08/04/2024 23:23:24:672;65;Absence of wind during run-up;Info;phasing out
08/04/2024 23:21:06:810;65;Absence of wind during run-up;Info;incoming
08/04/2024 23:21:06:810;0;System OK;Info;phasing out
08/04/2024 23:08:04:282;0;System OK;Info;incoming
08/04/2024 23:08:04:282;10;Wind < start wind;Info;phasing out
08/04/2024 23:07:16:630;10;Wind < start wind;Info;incoming
08/04/2024 23:07:16:630;0;System OK;Info;phasing out
08/04/2024 17:14:29:323;3420;UPS buffer time too short;Error;Reset
08/04/2024 17:14:29:323;0;System OK;Info;incoming
08/04/2024 17:13:21:561;8000;Park master stop;Info;phasing out
08/04/2024 16:41:11:849;8405;Fallback setpoints active;Info;phasing out
08/04/2024 16:41:11:839;8400;Comm. failure FPM;Warning;phasing out
08/04/2024 16:04:32:308;3500;Grid loss;Info;phasing out
08/04/2024 16:02:45:123;8405;Fallback setpoints active;Info;incoming
08/04/2024 16:02:45:113;8400;Comm. failure FPM;Warning;incoming
08/04/2024 16:02:32:305;3750;Grid measurement error;Error;phasing out
08/04/2024 16:02:20:846;100;Safety chain open;Error;phasing out
08/04/2024 16:01:33:782;3420;UPS buffer time too short;Error;incoming
08/04/2024 06:06:58:423;100;Safety chain open;Error;incoming
08/04/2024 06:06:58:393;3750;Grid measurement error;Error;incoming
08/04/2024 06:06:53:857;3575;Minimum grid frequency;Info;phasing out
08/04/2024 06:06:53:208;3500;Grid loss;Info;incoming
08/04/2024 06:06:52:689;3575;Minimum grid frequency;Info;incoming
08/04/2024 06:00:07:289;8000;Park master stop;Info;incoming
08/04/2024 06:00:07:289;0;System OK;Info;phasing out
08/04/2024 03:48:49:449;0;System OK;Info;incoming
08/04/2024 03:48:49:449;3160;Cable overload;Warning;phasing out
08/04/2024 03:48:00:498;3160;Cable overload;Warning;incoming
08/04/2024 03:48:00:498;0;System OK;Info;phasing out

