Siemens Gamesa Renewable Energy Service GmbH
Status code list
Units: 
Rymanow WEC  2/MM92/92156
time period: 08/04/2024 - 09/04/2024 [GMT+01:00]
created by Pawel Kurzawinski on 19/04/2024 [GMT+02:00]
Status codes for  Rymanow WEC  2/MM92/92156
Units:
Rymanow WEC  2/MM92/92156

date and time [GMT+01:00];Status code number;Status code name;Status code type;incoming/phasing out
09/04/2024 21:18:38:526;0;System OK;Info;incoming
09/04/2024 21:18:38:526;10;Wind < start wind;Info;phasing out
09/04/2024 21:17:50:872;10;Wind < start wind;Info;incoming
09/04/2024 21:17:50:872;0;System OK;Info;phasing out
09/04/2024 21:08:25:208;0;System OK;Info;incoming
09/04/2024 21:08:25:208;10;Wind < start wind;Info;phasing out
09/04/2024 21:07:37:553;10;Wind < start wind;Info;incoming
09/04/2024 21:07:37:553;0;System OK;Info;phasing out
09/04/2024 18:07:52:695;0;System OK;Info;incoming
09/04/2024 18:07:52:695;10;Wind < start wind;Info;phasing out
09/04/2024 18:07:05:040;10;Wind < start wind;Info;incoming
09/04/2024 18:07:05:040;0;System OK;Info;phasing out
09/04/2024 17:13:28:018;0;System OK;Info;incoming
09/04/2024 17:13:28:018;10;Wind < start wind;Info;phasing out
09/04/2024 17:12:40:363;10;Wind < start wind;Info;incoming
09/04/2024 17:12:40:363;0;System OK;Info;phasing out
09/04/2024 17:05:10:994;0;System OK;Info;incoming
09/04/2024 17:05:10:994;10;Wind < start wind;Info;phasing out
09/04/2024 17:04:23:032;10;Wind < start wind;Info;incoming
09/04/2024 17:04:23:032;0;System OK;Info;phasing out
09/04/2024 08:09:04:714;0;System OK;Info;incoming
09/04/2024 08:09:04:714;10;Wind < start wind;Info;phasing out
09/04/2024 08:08:17:060;10;Wind < start wind;Info;incoming
09/04/2024 08:08:17:060;0;System OK;Info;phasing out
09/04/2024 07:52:00:913;0;System OK;Info;incoming
09/04/2024 07:52:00:913;65;Absence of wind during run-up;Info;phasing out
09/04/2024 07:49:45:044;65;Absence of wind during run-up;Info;incoming
09/04/2024 07:49:45:044;0;System OK;Info;phasing out
09/04/2024 07:33:09:482;0;System OK;Info;incoming
09/04/2024 07:33:09:482;10;Wind < start wind;Info;phasing out
09/04/2024 07:32:21:828;10;Wind < start wind;Info;incoming
09/04/2024 07:32:21:828;0;System OK;Info;phasing out
09/04/2024 07:18:34:837;0;System OK;Info;incoming
09/04/2024 07:18:34:837;10;Wind < start wind;Info;phasing out
09/04/2024 07:17:47:183;10;Wind < start wind;Info;incoming
09/04/2024 07:17:47:183;0;System OK;Info;phasing out
09/04/2024 06:33:12:765;0;System OK;Info;incoming
09/04/2024 06:33:12:765;10;Wind < start wind;Info;phasing out
09/04/2024 06:32:25:110;10;Wind < start wind;Info;incoming
09/04/2024 06:32:25:110;0;System OK;Info;phasing out
09/04/2024 06:19:36:258;0;System OK;Info;incoming
09/04/2024 06:19:36:258;65;Absence of wind during run-up;Info;phasing out
09/04/2024 06:17:17:391;65;Absence of wind during run-up;Info;incoming
09/04/2024 06:17:17:391;0;System OK;Info;phasing out
09/04/2024 05:59:09:824;0;System OK;Info;incoming
09/04/2024 05:59:09:824;10;Wind < start wind;Info;phasing out
09/04/2024 05:58:22:170;10;Wind < start wind;Info;incoming
09/04/2024 05:58:22:170;0;System OK;Info;phasing out
09/04/2024 05:53:25:952;0;System OK;Info;incoming
09/04/2024 05:53:25:952;10;Wind < start wind;Info;phasing out
09/04/2024 05:52:38:297;10;Wind < start wind;Info;incoming
09/04/2024 05:52:38:297;0;System OK;Info;phasing out
09/04/2024 01:56:29:579;0;System OK;Info;incoming
09/04/2024 01:56:29:579;10;Wind < start wind;Info;phasing out
09/04/2024 01:55:41:924;10;Wind < start wind;Info;incoming
09/04/2024 01:55:41:924;0;System OK;Info;phasing out
09/04/2024 01:29:36:018;0;System OK;Info;incoming
09/04/2024 01:29:36:018;10;Wind < start wind;Info;phasing out
09/04/2024 01:28:48:364;10;Wind < start wind;Info;incoming
09/04/2024 01:28:48:364;0;System OK;Info;phasing out
08/04/2024 23:38:01:192;0;System OK;Info;incoming
08/04/2024 23:38:01:192;10;Wind < start wind;Info;phasing out
08/04/2024 23:37:13:538;10;Wind < start wind;Info;incoming
08/04/2024 23:37:13:538;0;System OK;Info;phasing out
08/04/2024 23:14:20:425;0;System OK;Info;incoming
08/04/2024 23:14:20:425;4520;Tower oscillation  X level 1;Info;phasing out
08/04/2024 23:03:32:641;4520;Tower oscillation  X level 1;Info;incoming
08/04/2024 23:03:32:641;0;System OK;Info;phasing out
08/04/2024 22:46:48:920;0;System OK;Info;incoming
08/04/2024 22:46:48:920;10;Wind < start wind;Info;phasing out
08/04/2024 22:46:01:265;10;Wind < start wind;Info;incoming
08/04/2024 22:46:01:265;0;System OK;Info;phasing out
08/04/2024 22:27:27:330;0;System OK;Info;incoming
08/04/2024 22:27:27:330;10;Wind < start wind;Info;phasing out
08/04/2024 22:26:39:675;10;Wind < start wind;Info;incoming
08/04/2024 22:26:39:675;0;System OK;Info;phasing out
08/04/2024 18:45:06:193;0;System OK;Info;incoming
08/04/2024 18:45:06:193;10;Wind < start wind;Info;phasing out
08/04/2024 18:44:18:541;10;Wind < start wind;Info;incoming
08/04/2024 18:44:18:541;0;System OK;Info;phasing out
08/04/2024 18:33:09:383;0;System OK;Info;incoming
08/04/2024 18:33:09:383;10;Wind < start wind;Info;phasing out
08/04/2024 18:32:21:729;10;Wind < start wind;Info;incoming
08/04/2024 18:32:21:729;0;System OK;Info;phasing out
08/04/2024 17:54:24:412;0;System OK;Info;incoming
08/04/2024 17:54:24:412;10;Wind < start wind;Info;phasing out
08/04/2024 17:53:36:758;10;Wind < start wind;Info;incoming
08/04/2024 17:53:36:758;0;System OK;Info;phasing out
08/04/2024 17:07:50:776;0;System OK;Info;incoming
08/04/2024 17:07:50:776;8000;Park master stop;Info;phasing out
08/04/2024 16:41:11:481;8405;Fallback setpoints active;Info;phasing out
08/04/2024 16:41:11:471;8400;Comm. failure FPM;Warning;phasing out
08/04/2024 16:04:26:852;3500;Grid loss;Info;phasing out
08/04/2024 16:02:39:662;8405;Fallback setpoints active;Info;incoming
08/04/2024 16:02:39:652;8400;Comm. failure FPM;Warning;incoming
08/04/2024 16:02:26:844;3750;Grid measurement error;Error;phasing out
08/04/2024 16:02:20:500;100;Safety chain open;Error;phasing out
08/04/2024 16:01:29:727;8405;Fallback setpoints active;Info;phasing out
08/04/2024 16:01:29:718;8400;Comm. failure FPM;Warning;phasing out
08/04/2024 06:42:20:874;100;Safety chain open;Error;incoming
08/04/2024 06:42:20:834;3750;Grid measurement error;Error;incoming
08/04/2024 06:07:07:310;8405;Fallback setpoints active;Info;incoming
08/04/2024 06:07:07:300;8400;Comm. failure FPM;Warning;incoming
08/04/2024 06:06:53:813;3575;Minimum grid frequency;Info;phasing out
08/04/2024 06:06:53:223;3500;Grid loss;Info;incoming
08/04/2024 06:06:52:694;3575;Minimum grid frequency;Info;incoming
08/04/2024 06:00:07:693;8000;Park master stop;Info;incoming
08/04/2024 06:00:07:693;0;System OK;Info;phasing out

