Siemens Gamesa Renewable Energy Service GmbH
Status code list
Units: 
Rymanow WEC 13/MM92/92153
time period: 08/04/2024 - 09/04/2024 [GMT+01:00]
created by Pawel Kurzawinski on 19/04/2024 [GMT+02:00]
Status codes for  Rymanow WEC 13/MM92/92153
Units:
Rymanow WEC 13/MM92/92153

date and time [GMT+01:00];Status code number;Status code name;Status code type;incoming/phasing out
09/04/2024 23:59:17:622;10;Wind < start wind;Info;incoming
09/04/2024 23:59:17:622;0;System OK;Info;phasing out
09/04/2024 23:42:41:818;0;System OK;Info;incoming
09/04/2024 23:42:41:818;10;Wind < start wind;Info;phasing out
09/04/2024 23:41:54:166;10;Wind < start wind;Info;incoming
09/04/2024 23:41:54:166;0;System OK;Info;phasing out
09/04/2024 22:48:29:867;0;System OK;Info;incoming
09/04/2024 22:48:29:867;10;Wind < start wind;Info;phasing out
09/04/2024 22:47:42:215;10;Wind < start wind;Info;incoming
09/04/2024 22:47:42:215;0;System OK;Info;phasing out
09/04/2024 21:06:45:860;0;System OK;Info;incoming
09/04/2024 21:06:45:860;10;Wind < start wind;Info;phasing out
09/04/2024 21:05:58:108;10;Wind < start wind;Info;incoming
09/04/2024 21:05:58:108;0;System OK;Info;phasing out
09/04/2024 20:56:57:681;0;System OK;Info;incoming
09/04/2024 20:56:57:681;10;Wind < start wind;Info;phasing out
09/04/2024 20:56:09:929;10;Wind < start wind;Info;incoming
09/04/2024 20:56:09:929;0;System OK;Info;phasing out
09/04/2024 19:30:48:556;0;System OK;Info;incoming
09/04/2024 19:30:48:556;10;Wind < start wind;Info;phasing out
09/04/2024 19:30:00:804;10;Wind < start wind;Info;incoming
09/04/2024 19:30:00:804;0;System OK;Info;phasing out
09/04/2024 19:12:21:564;0;System OK;Info;incoming
09/04/2024 19:12:21:564;10;Wind < start wind;Info;phasing out
09/04/2024 19:11:33:911;10;Wind < start wind;Info;incoming
09/04/2024 19:11:33:911;0;System OK;Info;phasing out
09/04/2024 18:55:55:351;0;System OK;Info;incoming
09/04/2024 18:55:55:351;10;Wind < start wind;Info;phasing out
09/04/2024 18:55:07:599;10;Wind < start wind;Info;incoming
09/04/2024 18:55:07:599;0;System OK;Info;phasing out
09/04/2024 18:36:55:193;0;System OK;Info;incoming
09/04/2024 18:36:55:193;10;Wind < start wind;Info;phasing out
09/04/2024 18:36:07:541;10;Wind < start wind;Info;incoming
09/04/2024 18:36:07:541;0;System OK;Info;phasing out
09/04/2024 18:24:48:921;0;System OK;Info;incoming
09/04/2024 18:24:48:921;10;Wind < start wind;Info;phasing out
09/04/2024 18:24:01:269;10;Wind < start wind;Info;incoming
09/04/2024 18:24:01:269;0;System OK;Info;phasing out
09/04/2024 17:56:30:823;0;System OK;Info;incoming
09/04/2024 17:56:30:823;10;Wind < start wind;Info;phasing out
09/04/2024 17:55:43:071;10;Wind < start wind;Info;incoming
09/04/2024 17:55:43:071;0;System OK;Info;phasing out
09/04/2024 17:44:59:317;0;System OK;Info;incoming
09/04/2024 17:44:59:317;10;Wind < start wind;Info;phasing out
09/04/2024 17:44:11:665;10;Wind < start wind;Info;incoming
09/04/2024 17:44:11:665;0;System OK;Info;phasing out
09/04/2024 17:10:07:816;0;System OK;Info;incoming
09/04/2024 17:10:07:816;10;Wind < start wind;Info;phasing out
09/04/2024 17:09:20:164;10;Wind < start wind;Info;incoming
09/04/2024 17:09:20:164;0;System OK;Info;phasing out
09/04/2024 09:56:51:926;0;System OK;Info;incoming
09/04/2024 09:56:51:926;10;Wind < start wind;Info;phasing out
09/04/2024 09:56:04:274;10;Wind < start wind;Info;incoming
09/04/2024 09:56:04:274;0;System OK;Info;phasing out
09/04/2024 07:20:35:946;0;System OK;Info;incoming
09/04/2024 07:20:35:946;10;Wind < start wind;Info;phasing out
09/04/2024 07:19:48:194;10;Wind < start wind;Info;incoming
09/04/2024 07:19:48:194;0;System OK;Info;phasing out
09/04/2024 07:03:19:695;0;System OK;Info;incoming
09/04/2024 07:03:19:695;10;Wind < start wind;Info;phasing out
09/04/2024 07:02:32:043;10;Wind < start wind;Info;incoming
09/04/2024 07:02:32:043;0;System OK;Info;phasing out
09/04/2024 06:24:53:323;0;System OK;Info;incoming
09/04/2024 06:24:53:323;10;Wind < start wind;Info;phasing out
09/04/2024 06:24:05:571;10;Wind < start wind;Info;incoming
09/04/2024 06:24:05:571;0;System OK;Info;phasing out
09/04/2024 05:47:28:577;0;System OK;Info;incoming
09/04/2024 05:47:28:577;10;Wind < start wind;Info;phasing out
09/04/2024 05:46:40:924;10;Wind < start wind;Info;incoming
09/04/2024 05:46:40:924;0;System OK;Info;phasing out
09/04/2024 05:15:44:083;0;System OK;Info;incoming
09/04/2024 05:15:44:083;10;Wind < start wind;Info;phasing out
09/04/2024 05:14:56:430;10;Wind < start wind;Info;incoming
09/04/2024 05:14:56:430;0;System OK;Info;phasing out
09/04/2024 05:03:57:193;0;System OK;Info;incoming
09/04/2024 05:03:57:193;10;Wind < start wind;Info;phasing out
09/04/2024 05:03:09:541;10;Wind < start wind;Info;incoming
09/04/2024 05:03:09:541;0;System OK;Info;phasing out
09/04/2024 02:34:33:003;0;System OK;Info;incoming
09/04/2024 02:34:33:003;10;Wind < start wind;Info;phasing out
09/04/2024 02:33:45:350;10;Wind < start wind;Info;incoming
09/04/2024 02:33:45:350;0;System OK;Info;phasing out
09/04/2024 01:51:21:314;0;System OK;Info;incoming
09/04/2024 01:51:21:314;65;Absence of wind during run-up;Info;phasing out
09/04/2024 01:49:02:453;65;Absence of wind during run-up;Info;incoming
09/04/2024 01:49:02:453;0;System OK;Info;phasing out
09/04/2024 01:28:29:379;0;System OK;Info;incoming
09/04/2024 01:28:29:379;10;Wind < start wind;Info;phasing out
09/04/2024 01:27:41:726;10;Wind < start wind;Info;incoming
09/04/2024 01:27:41:726;0;System OK;Info;phasing out
09/04/2024 01:18:09:300;0;System OK;Info;incoming
09/04/2024 01:18:09:300;10;Wind < start wind;Info;phasing out
09/04/2024 01:17:21:647;10;Wind < start wind;Info;incoming
09/04/2024 01:17:21:647;0;System OK;Info;phasing out
09/04/2024 01:09:21:328;0;System OK;Info;incoming
09/04/2024 01:09:21:328;10;Wind < start wind;Info;phasing out
09/04/2024 01:08:33:576;10;Wind < start wind;Info;incoming
09/04/2024 01:08:33:576;0;System OK;Info;phasing out
09/04/2024 01:02:57:483;0;System OK;Info;incoming
09/04/2024 01:02:57:483;10;Wind < start wind;Info;phasing out
09/04/2024 01:02:09:830;10;Wind < start wind;Info;incoming
09/04/2024 01:02:09:830;0;System OK;Info;phasing out
09/04/2024 00:53:19:461;0;System OK;Info;incoming
09/04/2024 00:53:19:461;10;Wind < start wind;Info;phasing out
09/04/2024 00:52:31:709;10;Wind < start wind;Info;incoming
09/04/2024 00:52:31:709;0;System OK;Info;phasing out
09/04/2024 00:41:18:983;0;System OK;Info;incoming
09/04/2024 00:41:18:983;10;Wind < start wind;Info;phasing out
09/04/2024 00:40:31:230;10;Wind < start wind;Info;incoming
09/04/2024 00:40:31:230;0;System OK;Info;phasing out
09/04/2024 00:15:14:549;0;System OK;Info;incoming
09/04/2024 00:15:14:549;10;Wind < start wind;Info;phasing out
09/04/2024 00:14:26:796;10;Wind < start wind;Info;incoming
09/04/2024 00:14:26:796;0;System OK;Info;phasing out
08/04/2024 22:55:03:960;0;System OK;Info;incoming
08/04/2024 22:55:03:960;10;Wind < start wind;Info;phasing out
08/04/2024 22:54:16:307;10;Wind < start wind;Info;incoming
08/04/2024 22:54:16:307;0;System OK;Info;phasing out
08/04/2024 22:25:01:958;0;System OK;Info;incoming
08/04/2024 22:25:01:958;10;Wind < start wind;Info;phasing out
08/04/2024 22:24:14:306;10;Wind < start wind;Info;incoming
08/04/2024 22:24:14:306;0;System OK;Info;phasing out
08/04/2024 22:07:48:890;0;System OK;Info;incoming
08/04/2024 22:07:48:890;10;Wind < start wind;Info;phasing out
08/04/2024 22:07:01:137;10;Wind < start wind;Info;incoming
08/04/2024 22:07:01:137;0;System OK;Info;phasing out
08/04/2024 17:01:11:169;0;System OK;Info;incoming
08/04/2024 17:01:11:169;8000;Park master stop;Info;phasing out
08/04/2024 17:00:06:734;8105;Parkmaster operation failed;Info;Reset
08/04/2024 16:04:25:862;3500;Grid loss;Info;phasing out
08/04/2024 16:02:25:860;3750;Grid measurement error;Error;phasing out
08/04/2024 16:02:21:075;100;Safety chain open;Error;phasing out
08/04/2024 07:01:02:574;100;Safety chain open;Error;incoming
08/04/2024 07:01:02:534;3750;Grid measurement error;Error;incoming
08/04/2024 06:06:53:938;3575;Minimum grid frequency;Info;phasing out
08/04/2024 06:06:53:219;3500;Grid loss;Info;incoming
08/04/2024 06:06:53:019;3593;Grid recovery;Info;phasing out
08/04/2024 06:06:52:819;3593;Grid recovery;Info;incoming
08/04/2024 06:06:52:690;3575;Minimum grid frequency;Info;incoming
08/04/2024 06:00:06:057;8105;Parkmaster operation failed;Info;incoming
08/04/2024 06:00:06:047;8000;Park master stop;Info;incoming
08/04/2024 06:00:06:047;0;System OK;Info;phasing out
08/04/2024 04:14:16:911;0;System OK;Info;incoming
08/04/2024 04:14:16:911;10;Wind < start wind;Info;phasing out
08/04/2024 04:13:29:259;10;Wind < start wind;Info;incoming
08/04/2024 04:13:29:259;0;System OK;Info;phasing out
08/04/2024 04:08:48:542;0;System OK;Info;incoming
08/04/2024 04:08:48:542;10;Wind < start wind;Info;phasing out
08/04/2024 04:08:00:790;10;Wind < start wind;Info;incoming
08/04/2024 04:08:00:790;0;System OK;Info;phasing out
08/04/2024 04:00:40:043;0;System OK;Info;incoming
08/04/2024 04:00:40:043;65;Absence of wind during run-up;Info;phasing out
08/04/2024 03:58:20:183;65;Absence of wind during run-up;Info;incoming
08/04/2024 03:58:20:183;0;System OK;Info;phasing out
08/04/2024 03:40:43:537;0;System OK;Info;incoming
08/04/2024 03:40:43:537;10;Wind < start wind;Info;phasing out
08/04/2024 03:39:55:885;10;Wind < start wind;Info;incoming
08/04/2024 03:39:55:885;0;System OK;Info;phasing out

