Siemens Gamesa Renewable Energy Service GmbH
Status code list
Units: 
Rymanow WEC  9/MM92/92150
time period: 08/04/2024 - 09/04/2024 [GMT+01:00]
created by Pawel Kurzawinski on 19/04/2024 [GMT+02:00]
Status codes for  Rymanow WEC  9/MM92/92150
Units:
Rymanow WEC  9/MM92/92150

date and time [GMT+01:00];Status code number;Status code name;Status code type;incoming/phasing out
09/04/2024 23:36:53:348;0;System OK;Info;incoming
09/04/2024 23:36:53:348;65;Absence of wind during run-up;Info;phasing out
09/04/2024 23:34:33:489;65;Absence of wind during run-up;Info;incoming
09/04/2024 23:34:33:489;0;System OK;Info;phasing out
09/04/2024 23:21:11:976;0;System OK;Info;incoming
09/04/2024 23:21:11:976;10;Wind < start wind;Info;phasing out
09/04/2024 23:20:24:323;10;Wind < start wind;Info;incoming
09/04/2024 23:20:24:323;0;System OK;Info;phasing out
09/04/2024 18:10:30:754;0;System OK;Info;incoming
09/04/2024 18:10:30:754;10;Wind < start wind;Info;phasing out
09/04/2024 18:09:43:102;10;Wind < start wind;Info;incoming
09/04/2024 18:09:43:102;0;System OK;Info;phasing out
09/04/2024 07:34:56:248;0;System OK;Info;incoming
09/04/2024 07:34:56:248;10;Wind < start wind;Info;phasing out
09/04/2024 07:34:08:596;10;Wind < start wind;Info;incoming
09/04/2024 07:34:08:596;0;System OK;Info;phasing out
09/04/2024 06:45:16:745;0;System OK;Info;incoming
09/04/2024 06:45:16:745;10;Wind < start wind;Info;phasing out
09/04/2024 06:44:29:095;10;Wind < start wind;Info;incoming
09/04/2024 06:44:29:095;0;System OK;Info;phasing out
09/04/2024 06:08:34:151;0;System OK;Info;incoming
09/04/2024 06:08:34:151;10;Wind < start wind;Info;phasing out
09/04/2024 06:07:46:498;10;Wind < start wind;Info;incoming
09/04/2024 06:07:46:498;0;System OK;Info;phasing out
09/04/2024 04:59:20:891;0;System OK;Info;incoming
09/04/2024 04:59:20:891;10;Wind < start wind;Info;phasing out
09/04/2024 04:58:33:238;10;Wind < start wind;Info;incoming
09/04/2024 04:58:33:238;0;System OK;Info;phasing out
09/04/2024 04:09:43:264;0;System OK;Info;incoming
09/04/2024 04:09:43:264;10;Wind < start wind;Info;phasing out
09/04/2024 04:08:55:612;10;Wind < start wind;Info;incoming
09/04/2024 04:08:55:612;0;System OK;Info;phasing out
09/04/2024 03:31:31:759;0;System OK;Info;incoming
09/04/2024 03:31:31:759;10;Wind < start wind;Info;phasing out
09/04/2024 03:30:44:106;10;Wind < start wind;Info;incoming
09/04/2024 03:30:44:106;0;System OK;Info;phasing out
09/04/2024 02:57:06:924;0;System OK;Info;incoming
09/04/2024 02:57:06:924;10;Wind < start wind;Info;phasing out
09/04/2024 02:56:19:172;10;Wind < start wind;Info;incoming
09/04/2024 02:56:19:172;0;System OK;Info;phasing out
09/04/2024 02:52:16:616;0;System OK;Info;incoming
09/04/2024 02:52:16:616;10;Wind < start wind;Info;phasing out
09/04/2024 02:51:28:963;10;Wind < start wind;Info;incoming
09/04/2024 02:51:28:963;0;System OK;Info;phasing out
09/04/2024 02:43:27:743;0;System OK;Info;incoming
09/04/2024 02:43:27:743;10;Wind < start wind;Info;phasing out
09/04/2024 02:42:40:091;10;Wind < start wind;Info;incoming
09/04/2024 02:42:40:091;0;System OK;Info;phasing out
09/04/2024 02:34:29:681;0;System OK;Info;incoming
09/04/2024 02:34:29:681;10;Wind < start wind;Info;phasing out
09/04/2024 02:33:42:029;10;Wind < start wind;Info;incoming
09/04/2024 02:33:42:029;0;System OK;Info;phasing out
09/04/2024 02:23:01:269;0;System OK;Info;incoming
09/04/2024 02:23:01:269;10;Wind < start wind;Info;phasing out
09/04/2024 02:22:13:517;10;Wind < start wind;Info;incoming
09/04/2024 02:22:13:517;0;System OK;Info;phasing out
09/04/2024 02:14:15:492;0;System OK;Info;incoming
09/04/2024 02:14:15:492;10;Wind < start wind;Info;phasing out
09/04/2024 02:13:27:839;10;Wind < start wind;Info;incoming
09/04/2024 02:13:27:839;0;System OK;Info;phasing out
09/04/2024 01:58:36:832;0;System OK;Info;incoming
09/04/2024 01:58:36:832;10;Wind < start wind;Info;phasing out
09/04/2024 01:57:49:179;10;Wind < start wind;Info;incoming
09/04/2024 01:57:49:179;0;System OK;Info;phasing out
09/04/2024 01:52:52:475;0;System OK;Info;incoming
09/04/2024 01:52:52:475;10;Wind < start wind;Info;phasing out
09/04/2024 01:52:04:822;10;Wind < start wind;Info;incoming
09/04/2024 01:52:04:822;0;System OK;Info;phasing out
09/04/2024 01:39:14:486;0;System OK;Info;incoming
09/04/2024 01:39:14:486;10;Wind < start wind;Info;phasing out
09/04/2024 01:38:26:733;10;Wind < start wind;Info;incoming
09/04/2024 01:38:26:733;0;System OK;Info;phasing out
09/04/2024 01:30:57:784;0;System OK;Info;incoming
09/04/2024 01:30:57:784;10;Wind < start wind;Info;phasing out
09/04/2024 01:30:10:132;10;Wind < start wind;Info;incoming
09/04/2024 01:30:10:132;0;System OK;Info;phasing out
09/04/2024 01:20:17:221;0;System OK;Info;incoming
09/04/2024 01:20:17:221;10;Wind < start wind;Info;phasing out
09/04/2024 01:19:29:469;10;Wind < start wind;Info;incoming
09/04/2024 01:19:29:469;0;System OK;Info;phasing out
09/04/2024 00:49:45:417;0;System OK;Info;incoming
09/04/2024 00:49:45:417;10;Wind < start wind;Info;phasing out
09/04/2024 00:48:57:765;10;Wind < start wind;Info;incoming
09/04/2024 00:48:57:765;0;System OK;Info;phasing out
09/04/2024 00:33:01:818;0;System OK;Info;incoming
09/04/2024 00:33:01:818;10;Wind < start wind;Info;phasing out
09/04/2024 00:32:14:166;10;Wind < start wind;Info;incoming
09/04/2024 00:32:14:166;0;System OK;Info;phasing out
09/04/2024 00:22:11:466;0;System OK;Info;incoming
09/04/2024 00:22:11:466;10;Wind < start wind;Info;phasing out
09/04/2024 00:21:23:813;10;Wind < start wind;Info;incoming
09/04/2024 00:21:23:813;0;System OK;Info;phasing out
09/04/2024 00:16:16:519;0;System OK;Info;incoming
09/04/2024 00:16:16:519;10;Wind < start wind;Info;phasing out
09/04/2024 00:15:28:866;10;Wind < start wind;Info;incoming
09/04/2024 00:15:28:866;0;System OK;Info;phasing out
08/04/2024 23:29:38:314;0;System OK;Info;incoming
08/04/2024 23:29:38:314;65;Absence of wind during run-up;Info;phasing out
08/04/2024 23:27:19:452;65;Absence of wind during run-up;Info;incoming
08/04/2024 23:27:19:452;0;System OK;Info;phasing out
08/04/2024 23:14:10:326;0;System OK;Info;incoming
08/04/2024 23:14:10:326;10;Wind < start wind;Info;phasing out
08/04/2024 23:13:22:673;10;Wind < start wind;Info;incoming
08/04/2024 23:13:22:673;0;System OK;Info;phasing out
08/04/2024 17:17:32:605;2125;Timeout brake closed;Warning;Reset
08/04/2024 17:17:32:605;3502;Timeout grid error;Error;Reset
08/04/2024 17:17:32:605;0;System OK;Info;incoming
08/04/2024 17:17:29:658;100;Safety chain open;Error;phasing out
08/04/2024 17:01:32:204;2125;Timeout brake closed;Warning;incoming
08/04/2024 16:40:52:410;8405;Fallback setpoints active;Info;phasing out
08/04/2024 16:40:52:400;8400;Comm. failure FPM;Warning;phasing out
08/04/2024 16:04:34:837;3500;Grid loss;Info;phasing out
08/04/2024 16:02:47:652;8405;Fallback setpoints active;Info;incoming
08/04/2024 16:02:47:642;8400;Comm. failure FPM;Warning;incoming
08/04/2024 16:02:34:834;3750;Grid measurement error;Error;phasing out
08/04/2024 16:01:40:568;3820;Supply circuit breaker off-state;Info;phasing out

