Siemens Gamesa Renewable Energy Service GmbH
Status code list
Units: 
Rymanow WEC  4/MM92/92155
time period: 08/04/2024 - 09/04/2024 [GMT+01:00]
created by Pawel Kurzawinski on 19/04/2024 [GMT+02:00]
Status codes for  Rymanow WEC  4/MM92/92155
Units:
Rymanow WEC  4/MM92/92155

date and time [GMT+01:00];Status code number;Status code name;Status code type;incoming/phasing out
09/04/2024 23:48:21:841;0;System OK;Info;incoming
09/04/2024 23:48:21:841;10;Wind < start wind;Info;phasing out
09/04/2024 23:47:34:088;10;Wind < start wind;Info;incoming
09/04/2024 23:47:34:088;0;System OK;Info;phasing out
09/04/2024 11:41:26:657;0;System OK;Info;incoming
09/04/2024 11:41:26:657;10;Wind < start wind;Info;phasing out
09/04/2024 11:40:38:904;10;Wind < start wind;Info;incoming
09/04/2024 11:40:38:904;0;System OK;Info;phasing out
09/04/2024 07:38:09:943;0;System OK;Info;incoming
09/04/2024 07:38:09:943;10;Wind < start wind;Info;phasing out
09/04/2024 07:37:22:290;10;Wind < start wind;Info;incoming
09/04/2024 07:37:22:290;0;System OK;Info;phasing out
09/04/2024 07:32:42:866;0;System OK;Info;incoming
09/04/2024 07:32:42:866;10;Wind < start wind;Info;phasing out
09/04/2024 07:31:55:213;10;Wind < start wind;Info;incoming
09/04/2024 07:31:55:213;0;System OK;Info;phasing out
09/04/2024 06:47:57:446;0;System OK;Info;incoming
09/04/2024 06:47:57:446;10;Wind < start wind;Info;phasing out
09/04/2024 06:47:09:792;10;Wind < start wind;Info;incoming
09/04/2024 06:47:09:792;0;System OK;Info;phasing out
09/04/2024 06:29:16:955;0;System OK;Info;incoming
09/04/2024 06:29:16:955;10;Wind < start wind;Info;phasing out
09/04/2024 06:28:29:202;10;Wind < start wind;Info;incoming
09/04/2024 06:28:29:202;0;System OK;Info;phasing out
09/04/2024 06:03:14:707;0;System OK;Info;incoming
09/04/2024 06:03:14:707;10;Wind < start wind;Info;phasing out
09/04/2024 06:02:27:054;10;Wind < start wind;Info;incoming
09/04/2024 06:02:27:054;0;System OK;Info;phasing out
09/04/2024 05:53:50:862;0;System OK;Info;incoming
09/04/2024 05:53:50:862;10;Wind < start wind;Info;phasing out
09/04/2024 05:53:03:110;10;Wind < start wind;Info;incoming
09/04/2024 05:53:03:110;0;System OK;Info;phasing out
09/04/2024 05:30:55:423;0;System OK;Info;incoming
09/04/2024 05:30:55:423;10;Wind < start wind;Info;phasing out
09/04/2024 05:30:07:770;10;Wind < start wind;Info;incoming
09/04/2024 05:30:07:770;0;System OK;Info;phasing out
09/04/2024 05:10:57:507;0;System OK;Info;incoming
09/04/2024 05:10:57:507;10;Wind < start wind;Info;phasing out
09/04/2024 05:10:09:854;10;Wind < start wind;Info;incoming
09/04/2024 05:10:09:854;0;System OK;Info;phasing out
09/04/2024 05:00:09:648;0;System OK;Info;incoming
09/04/2024 05:00:09:648;10;Wind < start wind;Info;phasing out
09/04/2024 04:59:21:995;10;Wind < start wind;Info;incoming
09/04/2024 04:59:21:995;0;System OK;Info;phasing out
09/04/2024 04:42:33:894;0;System OK;Info;incoming
09/04/2024 04:42:33:894;10;Wind < start wind;Info;phasing out
09/04/2024 04:41:46:240;10;Wind < start wind;Info;incoming
09/04/2024 04:41:46:240;0;System OK;Info;phasing out
09/04/2024 04:33:44:616;0;System OK;Info;incoming
09/04/2024 04:33:44:616;10;Wind < start wind;Info;phasing out
09/04/2024 04:32:56:963;10;Wind < start wind;Info;incoming
09/04/2024 04:32:56:963;0;System OK;Info;phasing out
09/04/2024 03:47:49:460;0;System OK;Info;incoming
09/04/2024 03:47:49:460;65;Absence of wind during run-up;Info;phasing out
09/04/2024 03:45:30:596;65;Absence of wind during run-up;Info;incoming
09/04/2024 03:45:30:596;0;System OK;Info;phasing out
09/04/2024 03:19:56:913;0;System OK;Info;incoming
09/04/2024 03:19:56:913;10;Wind < start wind;Info;phasing out
09/04/2024 03:19:09:259;10;Wind < start wind;Info;incoming
09/04/2024 03:19:09:259;0;System OK;Info;phasing out
09/04/2024 03:05:04:993;0;System OK;Info;incoming
09/04/2024 03:05:04:993;10;Wind < start wind;Info;phasing out
09/04/2024 03:04:17:248;10;Wind < start wind;Info;incoming
09/04/2024 03:04:17:248;0;System OK;Info;phasing out
09/04/2024 02:58:51:266;0;System OK;Info;incoming
09/04/2024 02:58:51:266;10;Wind < start wind;Info;phasing out
09/04/2024 02:58:03:612;10;Wind < start wind;Info;incoming
09/04/2024 02:58:03:612;0;System OK;Info;phasing out
09/04/2024 00:43:06:094;0;System OK;Info;incoming
09/04/2024 00:43:06:094;10;Wind < start wind;Info;phasing out
09/04/2024 00:42:18:441;10;Wind < start wind;Info;incoming
09/04/2024 00:42:18:441;0;System OK;Info;phasing out
09/04/2024 00:32:50:501;0;System OK;Info;incoming
09/04/2024 00:32:50:501;10;Wind < start wind;Info;phasing out
09/04/2024 00:32:02:748;10;Wind < start wind;Info;incoming
09/04/2024 00:32:02:748;0;System OK;Info;phasing out
09/04/2024 00:27:18:526;0;System OK;Info;incoming
09/04/2024 00:27:18:526;10;Wind < start wind;Info;phasing out
09/04/2024 00:26:30:872;10;Wind < start wind;Info;incoming
09/04/2024 00:26:30:872;0;System OK;Info;phasing out
09/04/2024 00:09:21:289;0;System OK;Info;incoming
09/04/2024 00:09:21:289;10;Wind < start wind;Info;phasing out
09/04/2024 00:08:33:636;10;Wind < start wind;Info;incoming
09/04/2024 00:08:33:636;0;System OK;Info;phasing out
09/04/2024 00:02:09:629;0;System OK;Info;incoming
09/04/2024 00:02:09:629;65;Absence of wind during run-up;Info;phasing out
08/04/2024 23:59:50:765;65;Absence of wind during run-up;Info;incoming
08/04/2024 23:59:50:765;0;System OK;Info;phasing out
08/04/2024 23:44:56:641;0;System OK;Info;incoming
08/04/2024 23:44:56:641;65;Absence of wind during run-up;Info;phasing out
08/04/2024 23:42:37:786;65;Absence of wind during run-up;Info;incoming
08/04/2024 23:42:37:786;0;System OK;Info;phasing out
08/04/2024 23:26:15:441;0;System OK;Info;incoming
08/04/2024 23:26:15:441;10;Wind < start wind;Info;phasing out
08/04/2024 23:25:27:788;10;Wind < start wind;Info;incoming
08/04/2024 23:25:27:788;0;System OK;Info;phasing out
08/04/2024 23:17:42:750;0;System OK;Info;incoming
08/04/2024 23:17:42:750;10;Wind < start wind;Info;phasing out
08/04/2024 23:16:55:096;10;Wind < start wind;Info;incoming
08/04/2024 23:16:55:096;0;System OK;Info;phasing out
08/04/2024 17:12:59:474;0;System OK;Info;incoming
08/04/2024 17:12:59:474;8000;Park master stop;Info;phasing out
08/04/2024 17:12:12:969;2125;Timeout brake closed;Warning;phasing out
08/04/2024 17:12:05:417;100;Safety chain open;Error;Reset
08/04/2024 17:01:23:247;2125;Timeout brake closed;Warning;incoming
08/04/2024 17:01:23:247;0;System OK;Info;phasing out
08/04/2024 16:41:11:478;8405;Fallback setpoints active;Info;phasing out
08/04/2024 16:41:11:468;8400;Comm. failure FPM;Warning;phasing out
08/04/2024 16:04:25:922;3500;Grid loss;Info;phasing out
08/04/2024 16:02:38:736;8405;Fallback setpoints active;Info;incoming
08/04/2024 16:02:38:726;8400;Comm. failure FPM;Warning;incoming
08/04/2024 16:02:25:918;3750;Grid measurement error;Error;phasing out
08/04/2024 16:01:28:804;8405;Fallback setpoints active;Info;phasing out
08/04/2024 16:01:28:794;8400;Comm. failure FPM;Warning;phasing out
08/04/2024 06:17:56:795;100;Safety chain open;Error;incoming
08/04/2024 06:17:56:775;3750;Grid measurement error;Error;incoming
08/04/2024 06:07:07:001;8405;Fallback setpoints active;Info;incoming
08/04/2024 06:07:06:992;8400;Comm. failure FPM;Warning;incoming
08/04/2024 06:06:53:844;3575;Minimum grid frequency;Info;phasing out
08/04/2024 06:06:53:215;3500;Grid loss;Info;incoming
08/04/2024 06:06:52:695;3575;Minimum grid frequency;Info;incoming
08/04/2024 06:00:07:398;8000;Park master stop;Info;incoming
08/04/2024 06:00:07:398;0;System OK;Info;phasing out
08/04/2024 03:48:41:438;0;System OK;Info;incoming
08/04/2024 03:48:41:438;3160;Cable overload;Warning;phasing out
08/04/2024 03:47:52:486;3160;Cable overload;Warning;incoming

