Siemens Gamesa Renewable Energy Service GmbH
Status code list
Units: 
Rymanow WEC 11/MM92/92148
time period: 08/04/2024 - 09/04/2024 [GMT+01:00]
created by Pawel Kurzawinski on 19/04/2024 [GMT+02:00]
Status codes for  Rymanow WEC 11/MM92/92148
Units:
Rymanow WEC 11/MM92/92148

date and time [GMT+01:00];Status code number;Status code name;Status code type;incoming/phasing out
09/04/2024 23:14:45:939;0;System OK;Info;incoming
09/04/2024 23:14:45:939;65;Absence of wind during run-up;Info;phasing out
09/04/2024 23:12:27:077;65;Absence of wind during run-up;Info;incoming
09/04/2024 23:12:27:077;0;System OK;Info;phasing out
09/04/2024 22:58:05:427;0;System OK;Info;incoming
09/04/2024 22:58:05:427;10;Wind < start wind;Info;phasing out
09/04/2024 22:57:17:774;10;Wind < start wind;Info;incoming
09/04/2024 22:57:17:774;0;System OK;Info;phasing out
09/04/2024 21:03:57:701;0;System OK;Info;incoming
09/04/2024 21:03:57:701;10;Wind < start wind;Info;phasing out
09/04/2024 21:03:10:048;10;Wind < start wind;Info;incoming
09/04/2024 21:03:10:048;0;System OK;Info;phasing out
09/04/2024 18:42:59:975;0;System OK;Info;incoming
09/04/2024 18:42:59:975;10;Wind < start wind;Info;phasing out
09/04/2024 18:42:12:323;10;Wind < start wind;Info;incoming
09/04/2024 18:42:12:323;0;System OK;Info;phasing out
09/04/2024 18:16:33:460;0;System OK;Info;incoming
09/04/2024 18:16:33:460;10;Wind < start wind;Info;phasing out
09/04/2024 18:15:45:808;10;Wind < start wind;Info;incoming
09/04/2024 18:15:45:808;0;System OK;Info;phasing out
09/04/2024 17:12:00:958;0;System OK;Info;incoming
09/04/2024 17:12:00:958;10;Wind < start wind;Info;phasing out
09/04/2024 17:11:13:306;10;Wind < start wind;Info;incoming
09/04/2024 17:11:13:306;0;System OK;Info;phasing out
09/04/2024 07:58:27:043;0;System OK;Info;incoming
09/04/2024 07:58:27:043;10;Wind < start wind;Info;phasing out
09/04/2024 07:57:39:390;10;Wind < start wind;Info;incoming
09/04/2024 07:57:39:390;0;System OK;Info;phasing out
09/04/2024 05:17:52:458;0;System OK;Info;incoming
09/04/2024 05:17:52:458;10;Wind < start wind;Info;phasing out
09/04/2024 05:17:04:806;10;Wind < start wind;Info;incoming
09/04/2024 05:17:04:806;0;System OK;Info;phasing out
09/04/2024 04:55:38:401;0;System OK;Info;incoming
09/04/2024 04:55:38:401;10;Wind < start wind;Info;phasing out
09/04/2024 04:54:50:649;10;Wind < start wind;Info;incoming
09/04/2024 04:54:50:649;0;System OK;Info;phasing out
09/04/2024 03:43:45:949;0;System OK;Info;incoming
09/04/2024 03:43:45:949;10;Wind < start wind;Info;phasing out
09/04/2024 03:42:58:297;10;Wind < start wind;Info;incoming
09/04/2024 03:42:58:297;0;System OK;Info;phasing out
09/04/2024 03:21:15:808;0;System OK;Info;incoming
09/04/2024 03:21:15:808;10;Wind < start wind;Info;phasing out
09/04/2024 03:20:28:055;10;Wind < start wind;Info;incoming
09/04/2024 03:20:28:055;0;System OK;Info;phasing out
09/04/2024 03:10:16:971;0;System OK;Info;incoming
09/04/2024 03:10:16:971;10;Wind < start wind;Info;phasing out
09/04/2024 03:09:29:318;10;Wind < start wind;Info;incoming
09/04/2024 03:09:29:318;0;System OK;Info;phasing out
09/04/2024 02:55:42:848;0;System OK;Info;incoming
09/04/2024 02:55:42:848;10;Wind < start wind;Info;phasing out
09/04/2024 02:54:55:195;10;Wind < start wind;Info;incoming
09/04/2024 02:54:55:195;0;System OK;Info;phasing out
09/04/2024 02:21:05:047;0;System OK;Info;incoming
09/04/2024 02:21:05:047;65;Absence of wind during run-up;Info;phasing out
09/04/2024 02:18:46:186;65;Absence of wind during run-up;Info;incoming
09/04/2024 02:18:46:186;0;System OK;Info;phasing out
09/04/2024 01:37:31:669;0;System OK;Info;incoming
09/04/2024 01:37:31:669;65;Absence of wind during run-up;Info;phasing out
09/04/2024 01:35:12:808;65;Absence of wind during run-up;Info;incoming
09/04/2024 01:35:12:808;0;System OK;Info;phasing out
09/04/2024 01:20:44:068;0;System OK;Info;incoming
09/04/2024 01:20:44:068;10;Wind < start wind;Info;phasing out
09/04/2024 01:19:56:315;10;Wind < start wind;Info;incoming
09/04/2024 01:19:56:315;0;System OK;Info;phasing out
09/04/2024 01:05:59:452;0;System OK;Info;incoming
09/04/2024 01:05:59:452;10;Wind < start wind;Info;phasing out
09/04/2024 01:05:11:800;10;Wind < start wind;Info;incoming
09/04/2024 01:05:11:800;0;System OK;Info;phasing out
09/04/2024 00:56:23:102;0;System OK;Info;incoming
09/04/2024 00:56:23:102;10;Wind < start wind;Info;phasing out
09/04/2024 00:55:35:449;10;Wind < start wind;Info;incoming
09/04/2024 00:55:35:449;0;System OK;Info;phasing out
09/04/2024 00:46:35:090;0;System OK;Info;incoming
09/04/2024 00:46:35:090;10;Wind < start wind;Info;phasing out
09/04/2024 00:45:47:437;10;Wind < start wind;Info;incoming
09/04/2024 00:45:47:437;0;System OK;Info;phasing out
09/04/2024 00:36:00:428;0;System OK;Info;incoming
09/04/2024 00:36:00:428;10;Wind < start wind;Info;phasing out
09/04/2024 00:35:12:775;10;Wind < start wind;Info;incoming
09/04/2024 00:35:12:775;0;System OK;Info;phasing out
09/04/2024 00:27:46:821;0;System OK;Info;incoming
09/04/2024 00:27:46:821;10;Wind < start wind;Info;phasing out
09/04/2024 00:26:59:168;10;Wind < start wind;Info;incoming
09/04/2024 00:26:59:168;0;System OK;Info;phasing out
09/04/2024 00:15:46:644;0;System OK;Info;incoming
09/04/2024 00:15:46:644;10;Wind < start wind;Info;phasing out
09/04/2024 00:14:58:991;10;Wind < start wind;Info;incoming
09/04/2024 00:14:58:991;0;System OK;Info;phasing out
09/04/2024 00:07:00:970;0;System OK;Info;incoming
09/04/2024 00:07:00:970;10;Wind < start wind;Info;phasing out
09/04/2024 00:06:13:318;10;Wind < start wind;Info;incoming
09/04/2024 00:06:13:318;0;System OK;Info;phasing out
09/04/2024 00:00:16:875;0;System OK;Info;incoming
09/04/2024 00:00:16:875;10;Wind < start wind;Info;phasing out
08/04/2024 23:59:29:222;10;Wind < start wind;Info;incoming
08/04/2024 23:59:29:222;0;System OK;Info;phasing out
08/04/2024 23:40:47:455;0;System OK;Info;incoming
08/04/2024 23:40:47:455;65;Absence of wind during run-up;Info;phasing out
08/04/2024 23:38:28:593;65;Absence of wind during run-up;Info;incoming
08/04/2024 23:38:28:593;0;System OK;Info;phasing out
08/04/2024 23:23:13:504;0;System OK;Info;incoming
08/04/2024 23:23:13:504;65;Absence of wind during run-up;Info;phasing out
08/04/2024 23:20:54:642;65;Absence of wind during run-up;Info;incoming
08/04/2024 23:20:54:642;0;System OK;Info;phasing out
08/04/2024 23:06:47:080;0;System OK;Info;incoming
08/04/2024 23:06:47:080;10;Wind < start wind;Info;phasing out
08/04/2024 23:05:59:328;10;Wind < start wind;Info;incoming
08/04/2024 23:05:59:328;0;System OK;Info;phasing out
08/04/2024 17:13:22:352;0;System OK;Info;incoming
08/04/2024 17:13:22:352;8000;Park master stop;Info;phasing out
08/04/2024 16:40:52:533;8405;Fallback setpoints active;Info;phasing out
08/04/2024 16:40:52:523;8400;Comm. failure FPM;Warning;phasing out
08/04/2024 16:04:24:983;3500;Grid loss;Info;phasing out
08/04/2024 16:02:37:798;8405;Fallback setpoints active;Info;incoming
08/04/2024 16:02:37:788;8400;Comm. failure FPM;Warning;incoming
08/04/2024 16:02:24:981;3750;Grid measurement error;Error;phasing out
08/04/2024 16:02:21:385;100;Safety chain open;Error;phasing out
08/04/2024 16:01:27:867;8405;Fallback setpoints active;Info;phasing out
08/04/2024 16:01:27:857;8400;Comm. failure FPM;Warning;phasing out
08/04/2024 06:44:58:742;100;Safety chain open;Error;incoming
08/04/2024 06:44:58:682;3750;Grid measurement error;Error;incoming
08/04/2024 06:07:06:432;8405;Fallback setpoints active;Info;incoming
08/04/2024 06:07:06:422;8400;Comm. failure FPM;Warning;incoming
08/04/2024 06:06:53:915;3575;Minimum grid frequency;Info;phasing out
08/04/2024 06:06:53:206;3500;Grid loss;Info;incoming
08/04/2024 06:06:53:006;3593;Grid recovery;Info;phasing out
08/04/2024 06:06:52:806;3593;Grid recovery;Info;incoming
08/04/2024 06:06:52:686;3575;Minimum grid frequency;Info;incoming
08/04/2024 06:01:31:130;1710;High temp. gear bearing 2;Warning;phasing out
08/04/2024 06:00:07:834;8000;Park master stop;Info;incoming
08/04/2024 02:15:36:451;1710;High temp. gear bearing 2;Warning;incoming
08/04/2024 02:15:36:451;0;System OK;Info;phasing out

