Siemens Gamesa Renewable Energy Service GmbH
Status code list
Units: 
Rymanow WEC  6/MM92/92149
time period: 08/04/2024 - 09/04/2024 [GMT+01:00]
created by Pawel Kurzawinski on 19/04/2024 [GMT+02:00]
Status codes for  Rymanow WEC  6/MM92/92149
Units:
Rymanow WEC  6/MM92/92149

date and time [GMT+01:00];Status code number;Status code name;Status code type;incoming/phasing out
09/04/2024 23:52:52:895;0;System OK;Info;incoming
09/04/2024 23:52:52:895;10;Wind < start wind;Info;phasing out
09/04/2024 23:52:05:242;10;Wind < start wind;Info;incoming
09/04/2024 23:52:05:242;0;System OK;Info;phasing out
09/04/2024 18:01:33:363;0;System OK;Info;incoming
09/04/2024 18:01:33:363;59;Max. acceleration;Warning;phasing out
09/04/2024 18:01:03:023;59;Max. acceleration;Warning;incoming
09/04/2024 18:01:03:023;0;System OK;Info;phasing out
09/04/2024 11:46:26:327;0;System OK;Info;incoming
09/04/2024 11:46:26:327;10;Wind < start wind;Info;phasing out
09/04/2024 11:45:38:675;10;Wind < start wind;Info;incoming
09/04/2024 11:45:38:675;0;System OK;Info;phasing out
09/04/2024 09:57:13:446;20;Manual stop - on site;Info;Reset
09/04/2024 09:57:13:446;0;System OK;Info;incoming
09/04/2024 09:42:44:566;20;Manual stop - on site;Info;incoming
09/04/2024 09:42:44:566;0;System OK;Info;phasing out
09/04/2024 08:45:50:241;25;Manual stop without login;Info;Reset
09/04/2024 08:45:50:241;0;System OK;Info;incoming
09/04/2024 08:42:53:325;25;Manual stop without login;Info;incoming
09/04/2024 08:42:53:325;0;System OK;Info;phasing out
09/04/2024 06:18:15:328;0;System OK;Info;incoming
09/04/2024 06:18:15:328;10;Wind < start wind;Info;phasing out
09/04/2024 06:17:27:675;10;Wind < start wind;Info;incoming
09/04/2024 06:17:27:675;0;System OK;Info;phasing out
09/04/2024 05:57:57:045;0;System OK;Info;incoming
09/04/2024 05:57:57:045;10;Wind < start wind;Info;phasing out
09/04/2024 05:57:09:392;10;Wind < start wind;Info;incoming
09/04/2024 05:57:09:392;0;System OK;Info;phasing out
09/04/2024 05:51:18:144;0;System OK;Info;incoming
09/04/2024 05:51:18:144;10;Wind < start wind;Info;phasing out
09/04/2024 05:50:30:491;10;Wind < start wind;Info;incoming
09/04/2024 05:50:30:491;0;System OK;Info;phasing out
09/04/2024 05:42:13:982;0;System OK;Info;incoming
09/04/2024 05:42:13:982;10;Wind < start wind;Info;phasing out
09/04/2024 05:41:26:330;10;Wind < start wind;Info;incoming
09/04/2024 05:41:26:330;0;System OK;Info;phasing out
09/04/2024 05:12:53:447;0;System OK;Info;incoming
09/04/2024 05:12:53:447;65;Absence of wind during run-up;Info;phasing out
09/04/2024 05:10:33:586;65;Absence of wind during run-up;Info;incoming
09/04/2024 05:10:33:586;0;System OK;Info;phasing out
09/04/2024 03:00:29:275;0;System OK;Info;incoming
09/04/2024 03:00:29:275;10;Wind < start wind;Info;phasing out
09/04/2024 02:59:41:623;10;Wind < start wind;Info;incoming
09/04/2024 02:59:41:623;0;System OK;Info;phasing out
09/04/2024 00:35:49:503;0;System OK;Info;incoming
09/04/2024 00:35:49:503;10;Wind < start wind;Info;phasing out
09/04/2024 00:35:01:851;10;Wind < start wind;Info;incoming
09/04/2024 00:35:01:851;0;System OK;Info;phasing out
09/04/2024 00:26:28:464;0;System OK;Info;incoming
09/04/2024 00:26:28:464;10;Wind < start wind;Info;phasing out
09/04/2024 00:25:40:812;10;Wind < start wind;Info;incoming
09/04/2024 00:25:40:812;0;System OK;Info;phasing out
09/04/2024 00:10:09:049;0;System OK;Info;incoming
09/04/2024 00:10:09:049;65;Absence of wind during run-up;Info;phasing out
09/04/2024 00:07:50:187;65;Absence of wind during run-up;Info;incoming
09/04/2024 00:07:50:187;0;System OK;Info;phasing out
08/04/2024 23:53:48:025;0;System OK;Info;incoming
08/04/2024 23:53:48:025;65;Absence of wind during run-up;Info;phasing out
08/04/2024 23:51:29:163;65;Absence of wind during run-up;Info;incoming
08/04/2024 23:51:29:163;0;System OK;Info;phasing out
08/04/2024 23:36:50:327;0;System OK;Info;incoming
08/04/2024 23:36:50:327;10;Wind < start wind;Info;phasing out
08/04/2024 23:36:02:575;10;Wind < start wind;Info;incoming
08/04/2024 23:36:02:575;0;System OK;Info;phasing out
08/04/2024 23:26:27:147;0;System OK;Info;incoming
08/04/2024 23:26:27:147;10;Wind < start wind;Info;phasing out
08/04/2024 23:25:39:495;10;Wind < start wind;Info;incoming
08/04/2024 23:25:39:495;0;System OK;Info;phasing out
08/04/2024 17:15:13:330;3502;Timeout grid error;Error;Reset
08/04/2024 17:15:13:330;0;System OK;Info;incoming
08/04/2024 17:13:21:542;8000;Park master stop;Info;phasing out
08/04/2024 16:40:52:560;8405;Fallback setpoints active;Info;phasing out
08/04/2024 16:40:52:550;8400;Comm. failure FPM;Warning;phasing out
08/04/2024 16:09:18:778;100;Safety chain open;Error;phasing out
08/04/2024 16:04:25:006;3500;Grid loss;Info;phasing out
08/04/2024 16:02:37:821;8405;Fallback setpoints active;Info;incoming
08/04/2024 16:02:37:811;8400;Comm. failure FPM;Warning;incoming
08/04/2024 16:02:25:004;3750;Grid measurement error;Error;phasing out
08/04/2024 16:01:27:890;8405;Fallback setpoints active;Info;phasing out
08/04/2024 16:01:27:880;8400;Comm. failure FPM;Warning;phasing out
08/04/2024 07:08:53:296;100;Safety chain open;Error;incoming
08/04/2024 07:08:53:266;3750;Grid measurement error;Error;incoming
08/04/2024 07:06:53:676;3502;Timeout grid error;Error;incoming
08/04/2024 07:06:53:676;0;System OK;Info;phasing out
08/04/2024 06:07:06:667;8405;Fallback setpoints active;Info;incoming
08/04/2024 06:07:06:657;8400;Comm. failure FPM;Warning;incoming
08/04/2024 06:06:53:909;3575;Minimum grid frequency;Info;phasing out
08/04/2024 06:06:53:200;3500;Grid loss;Info;incoming
08/04/2024 06:06:52:691;3575;Minimum grid frequency;Info;incoming
08/04/2024 06:00:08:066;8000;Park master stop;Info;incoming
08/04/2024 06:00:08:066;0;System OK;Info;phasing out
08/04/2024 04:02:48:323;0;System OK;Info;incoming
08/04/2024 04:02:48:323;3160;Cable overload;Warning;phasing out
08/04/2024 04:02:00:370;3160;Cable overload;Warning;incoming

