Siemens Gamesa Renewable Energy Service GmbH
Status code list
Units: 
Rymanow WEC  8/MM92/92157
time period: 08/04/2024 - 09/04/2024 [GMT+01:00]
created by Pawel Kurzawinski on 19/04/2024 [GMT+02:00]
Status codes for  Rymanow WEC  8/MM92/92157
Units:
Rymanow WEC  8/MM92/92157

date and time [GMT+01:00];Status code number;Status code name;Status code type;incoming/phasing out
09/04/2024 23:38:36:135;0;System OK;Info;incoming
09/04/2024 23:38:36:135;10;Wind < start wind;Info;phasing out
09/04/2024 23:37:48:480;10;Wind < start wind;Info;incoming
09/04/2024 23:37:48:480;0;System OK;Info;phasing out
09/04/2024 21:08:44:099;0;System OK;Info;incoming
09/04/2024 21:08:44:099;10;Wind < start wind;Info;phasing out
09/04/2024 21:07:56:444;10;Wind < start wind;Info;incoming
09/04/2024 21:07:56:444;0;System OK;Info;phasing out
09/04/2024 10:00:02:827;0;System OK;Info;incoming
09/04/2024 10:00:02:827;10;Wind < start wind;Info;phasing out
09/04/2024 09:59:15:072;10;Wind < start wind;Info;incoming
09/04/2024 09:59:15:072;0;System OK;Info;phasing out
09/04/2024 06:14:18:212;0;System OK;Info;incoming
09/04/2024 06:14:18:212;10;Wind < start wind;Info;phasing out
09/04/2024 06:13:30:457;10;Wind < start wind;Info;incoming
09/04/2024 06:13:30:457;0;System OK;Info;phasing out
09/04/2024 05:59:30:444;0;System OK;Info;incoming
09/04/2024 05:59:30:444;10;Wind < start wind;Info;phasing out
09/04/2024 05:58:42:789;10;Wind < start wind;Info;incoming
09/04/2024 05:58:42:789;0;System OK;Info;phasing out
09/04/2024 05:49:37:397;0;System OK;Info;incoming
09/04/2024 05:49:37:397;10;Wind < start wind;Info;phasing out
09/04/2024 05:48:49:643;10;Wind < start wind;Info;incoming
09/04/2024 05:48:49:643;0;System OK;Info;phasing out
09/04/2024 05:16:01:670;0;System OK;Info;incoming
09/04/2024 05:16:01:670;10;Wind < start wind;Info;phasing out
09/04/2024 05:15:14:015;10;Wind < start wind;Info;incoming
09/04/2024 05:15:14:015;0;System OK;Info;phasing out
09/04/2024 04:51:44:934;0;System OK;Info;incoming
09/04/2024 04:51:44:934;10;Wind < start wind;Info;phasing out
09/04/2024 04:50:57:279;10;Wind < start wind;Info;incoming
09/04/2024 04:50:57:279;0;System OK;Info;phasing out
09/04/2024 04:18:33:809;0;System OK;Info;incoming
09/04/2024 04:18:33:809;65;Absence of wind during run-up;Info;phasing out
09/04/2024 04:16:17:937;65;Absence of wind during run-up;Info;incoming
09/04/2024 04:16:17:937;0;System OK;Info;phasing out
09/04/2024 03:43:13:796;0;System OK;Info;incoming
09/04/2024 03:43:13:796;65;Absence of wind during run-up;Info;phasing out
09/04/2024 03:40:54:926;65;Absence of wind during run-up;Info;incoming
09/04/2024 03:40:54:926;0;System OK;Info;phasing out
09/04/2024 03:25:24:188;0;System OK;Info;incoming
09/04/2024 03:25:24:188;10;Wind < start wind;Info;phasing out
09/04/2024 03:24:36:533;10;Wind < start wind;Info;incoming
09/04/2024 03:24:36:533;0;System OK;Info;phasing out
09/04/2024 03:16:33:887;0;System OK;Info;incoming
09/04/2024 03:16:33:887;10;Wind < start wind;Info;phasing out
09/04/2024 03:15:46:232;10;Wind < start wind;Info;incoming
09/04/2024 03:15:46:232;0;System OK;Info;phasing out
09/04/2024 02:09:50:828;0;System OK;Info;incoming
09/04/2024 02:09:50:828;10;Wind < start wind;Info;phasing out
09/04/2024 02:09:03:172;10;Wind < start wind;Info;incoming
09/04/2024 02:09:03:172;0;System OK;Info;phasing out
09/04/2024 01:48:02:451;0;System OK;Info;incoming
09/04/2024 01:48:02:451;10;Wind < start wind;Info;phasing out
09/04/2024 01:47:14:796;10;Wind < start wind;Info;incoming
09/04/2024 01:47:14:796;0;System OK;Info;phasing out
09/04/2024 01:26:02:584;0;System OK;Info;incoming
09/04/2024 01:26:02:584;10;Wind < start wind;Info;phasing out
09/04/2024 01:25:14:828;10;Wind < start wind;Info;incoming
09/04/2024 01:25:14:828;0;System OK;Info;phasing out
09/04/2024 01:19:02:975;0;System OK;Info;incoming
09/04/2024 01:19:02:975;10;Wind < start wind;Info;phasing out
09/04/2024 01:18:15:320;10;Wind < start wind;Info;incoming
09/04/2024 01:18:15:320;0;System OK;Info;phasing out
09/04/2024 01:04:44:876;0;System OK;Info;incoming
09/04/2024 01:04:44:876;10;Wind < start wind;Info;phasing out
09/04/2024 01:03:56:889;10;Wind < start wind;Info;incoming
09/04/2024 01:03:56:889;0;System OK;Info;phasing out
09/04/2024 00:58:20:003;0;System OK;Info;incoming
09/04/2024 00:58:20:003;10;Wind < start wind;Info;phasing out
09/04/2024 00:57:32:248;10;Wind < start wind;Info;incoming
09/04/2024 00:57:32:248;0;System OK;Info;phasing out
09/04/2024 00:49:57:871;0;System OK;Info;incoming
09/04/2024 00:49:57:871;10;Wind < start wind;Info;phasing out
09/04/2024 00:49:10:216;10;Wind < start wind;Info;incoming
09/04/2024 00:49:10:216;0;System OK;Info;phasing out
09/04/2024 00:33:28:593;0;System OK;Info;incoming
09/04/2024 00:33:28:593;10;Wind < start wind;Info;phasing out
09/04/2024 00:32:40:837;10;Wind < start wind;Info;incoming
09/04/2024 00:32:40:837;0;System OK;Info;phasing out
09/04/2024 00:24:36:586;0;System OK;Info;incoming
09/04/2024 00:24:36:586;10;Wind < start wind;Info;phasing out
09/04/2024 00:23:48:935;10;Wind < start wind;Info;incoming
09/04/2024 00:23:48:935;0;System OK;Info;phasing out
08/04/2024 23:19:10:850;0;System OK;Info;incoming
08/04/2024 23:19:10:850;10;Wind < start wind;Info;phasing out
08/04/2024 23:18:23:195;10;Wind < start wind;Info;incoming
08/04/2024 23:18:23:195;0;System OK;Info;phasing out
08/04/2024 17:35:39:915;3110;Frequency converter error;Error;Reset
08/04/2024 17:35:39:915;0;System OK;Info;incoming
08/04/2024 17:35:34:050;3110;Frequency converter error;Error;incoming
08/04/2024 17:35:34:050;0;System OK;Info;phasing out
08/04/2024 17:35:34:010;3110;Frequency converter error;Error;Reset
08/04/2024 17:35:34:010;0;System OK;Info;incoming
08/04/2024 17:24:40:802;3110;Frequency converter error;Error;incoming
08/04/2024 17:24:40:802;0;System OK;Info;phasing out
08/04/2024 17:19:36:535;0;System OK;Info;incoming
08/04/2024 17:19:36:535;2125;Timeout brake closed;Warning;phasing out
08/04/2024 17:19:29:422;100;Safety chain open;Error;phasing out
08/04/2024 17:13:21:435;8000;Park master stop;Info;phasing out
08/04/2024 17:01:21:190;2125;Timeout brake closed;Warning;incoming
08/04/2024 17:01:21:190;0;System OK;Info;phasing out
08/04/2024 16:04:24:217;3500;Grid loss;Info;phasing out
08/04/2024 16:02:24:208;3750;Grid measurement error;Error;phasing out
08/04/2024 16:01:26:510;8405;Fallback setpoints active;Info;phasing out
08/04/2024 16:01:26:500;8400;Comm. failure FPM;Warning;phasing out
08/04/2024 06:24:05:192;100;Safety chain open;Error;incoming
08/04/2024 06:24:05:163;3750;Grid measurement error;Error;incoming
08/04/2024 06:07:12:962;8405;Fallback setpoints active;Info;incoming
08/04/2024 06:07:12:952;8400;Comm. failure FPM;Warning;incoming
08/04/2024 06:06:53:870;3575;Minimum grid frequency;Info;phasing out
08/04/2024 06:06:53:211;3500;Grid loss;Info;incoming
08/04/2024 06:06:52:691;3575;Minimum grid frequency;Info;incoming
08/04/2024 06:00:07:338;8000;Park master stop;Info;incoming

