Siemens Gamesa Renewable Energy Service GmbH
Status code list
Units: 
Rymanow WEC 10/MM92/92152
time period: 08/04/2024 - 09/04/2024 [GMT+01:00]
created by Pawel Kurzawinski on 19/04/2024 [GMT+02:00]
Status codes for  Rymanow WEC 10/MM92/92152
Units:
Rymanow WEC 10/MM92/92152

date and time [GMT+01:00];Status code number;Status code name;Status code type;incoming/phasing out
09/04/2024 23:22:25:035;0;System OK;Info;incoming
09/04/2024 23:22:25:035;65;Absence of wind during run-up;Info;phasing out
09/04/2024 23:20:07:173;65;Absence of wind during run-up;Info;incoming
09/04/2024 23:20:07:173;0;System OK;Info;phasing out
09/04/2024 23:00:08:467;0;System OK;Info;incoming
09/04/2024 23:00:08:467;10;Wind < start wind;Info;phasing out
09/04/2024 22:59:20:815;10;Wind < start wind;Info;incoming
09/04/2024 22:59:20:815;0;System OK;Info;phasing out
09/04/2024 20:59:54:636;0;System OK;Info;incoming
09/04/2024 20:59:54:636;10;Wind < start wind;Info;phasing out
09/04/2024 20:59:06:984;10;Wind < start wind;Info;incoming
09/04/2024 20:59:06:984;0;System OK;Info;phasing out
09/04/2024 18:17:47:323;0;System OK;Info;incoming
09/04/2024 18:17:47:323;10;Wind < start wind;Info;phasing out
09/04/2024 18:16:59:671;10;Wind < start wind;Info;incoming
09/04/2024 18:16:59:671;0;System OK;Info;phasing out
09/04/2024 18:04:07:949;0;System OK;Info;incoming
09/04/2024 18:04:07:949;10;Wind < start wind;Info;phasing out
09/04/2024 18:03:20:297;10;Wind < start wind;Info;incoming
09/04/2024 18:03:20:297;0;System OK;Info;phasing out
09/04/2024 17:59:01:659;0;System OK;Info;incoming
09/04/2024 17:59:01:659;10;Wind < start wind;Info;phasing out
09/04/2024 17:58:13:907;10;Wind < start wind;Info;incoming
09/04/2024 17:58:13:907;0;System OK;Info;phasing out
09/04/2024 09:53:44:257;0;System OK;Info;incoming
09/04/2024 09:53:44:257;10;Wind < start wind;Info;phasing out
09/04/2024 09:52:56:605;10;Wind < start wind;Info;incoming
09/04/2024 09:52:56:605;0;System OK;Info;phasing out
09/04/2024 07:27:20:709;3110;Frequency converter error;Error;Reset
09/04/2024 07:27:20:709;455;Repeating error BP52;Error;Reset
09/04/2024 07:27:20:709;115;Emergency stop converter;Info;Reset
09/04/2024 07:27:20:709;0;System OK;Info;incoming
09/04/2024 07:25:01:419;100;Safety chain open;Error;phasing out
09/04/2024 07:24:40:480;115;Emergency stop converter;Info;incoming
09/04/2024 07:24:39:431;100;Safety chain open;Error;incoming
08/04/2024 17:56:24:602;455;Repeating error BP52;Error;incoming
08/04/2024 17:56:24:592;3110;Frequency converter error;Error;incoming
08/04/2024 17:56:24:592;0;System OK;Info;phasing out
08/04/2024 17:51:23:705;3110;Frequency converter error;Error;Reset
08/04/2024 17:51:23:705;0;System OK;Info;incoming
08/04/2024 17:51:00:259;3110;Frequency converter error;Error;incoming
08/04/2024 17:51:00:259;0;System OK;Info;phasing out
08/04/2024 17:51:00:219;3110;Frequency converter error;Error;Reset
08/04/2024 17:51:00:219;0;System OK;Info;incoming
08/04/2024 17:33:16:053;3110;Frequency converter error;Error;incoming
08/04/2024 17:33:16:053;0;System OK;Info;phasing out
08/04/2024 17:28:08:893;0;System OK;Info;incoming
08/04/2024 17:28:08:893;2125;Timeout brake closed;Warning;phasing out
08/04/2024 17:28:01:830;100;Safety chain open;Error;phasing out
08/04/2024 17:27:16:366;3420;UPS buffer time too short;Error;Reset
08/04/2024 17:13:22:334;8000;Park master stop;Info;phasing out
08/04/2024 17:01:31:138;2125;Timeout brake closed;Warning;incoming
08/04/2024 16:04:34:405;3500;Grid loss;Info;phasing out
08/04/2024 16:02:34:403;3750;Grid measurement error;Error;phasing out
08/04/2024 16:01:34:883;3420;UPS buffer time too short;Error;incoming
08/04/2024 16:01:33:584;210;Manual brake;Info;phasing out
08/04/2024 06:06:59:289;210;Manual brake;Info;incoming
08/04/2024 06:06:59:119;100;Safety chain open;Error;incoming
08/04/2024 06:06:59:089;3750;Grid measurement error;Error;incoming
08/04/2024 06:06:53:854;3575;Minimum grid frequency;Info;phasing out
08/04/2024 06:06:53:215;3500;Grid loss;Info;incoming
08/04/2024 06:06:52:686;3575;Minimum grid frequency;Info;incoming
08/04/2024 06:00:07:393;8000;Park master stop;Info;incoming
08/04/2024 06:00:07:393;0;System OK;Info;phasing out

