Siemens Gamesa Renewable Energy Service GmbH
Status code list
Units: 
Rymanow WEC 12/MM92/92154
time period: 08/04/2024 - 09/04/2024 [GMT+01:00]
created by Pawel Kurzawinski on 19/04/2024 [GMT+02:00]
Status codes for  Rymanow WEC 12/MM92/92154
Units:
Rymanow WEC 12/MM92/92154

date and time [GMT+01:00];Status code number;Status code name;Status code type;incoming/phasing out
09/04/2024 22:58:56:558;0;System OK;Info;incoming
09/04/2024 22:58:56:558;10;Wind < start wind;Info;phasing out
09/04/2024 22:58:08:902;10;Wind < start wind;Info;incoming
09/04/2024 22:58:08:902;0;System OK;Info;phasing out
09/04/2024 21:05:55:931;0;System OK;Info;incoming
09/04/2024 21:05:55:931;10;Wind < start wind;Info;phasing out
09/04/2024 21:05:08:276;10;Wind < start wind;Info;incoming
09/04/2024 21:05:08:276;0;System OK;Info;phasing out
09/04/2024 20:54:07:917;0;System OK;Info;incoming
09/04/2024 20:54:07:917;10;Wind < start wind;Info;phasing out
09/04/2024 20:53:20:261;10;Wind < start wind;Info;incoming
09/04/2024 20:53:20:261;0;System OK;Info;phasing out
09/04/2024 18:37:12:447;0;System OK;Info;incoming
09/04/2024 18:37:12:447;10;Wind < start wind;Info;phasing out
09/04/2024 18:36:24:792;10;Wind < start wind;Info;incoming
09/04/2024 18:36:24:792;0;System OK;Info;phasing out
09/04/2024 18:21:37:811;0;System OK;Info;incoming
09/04/2024 18:21:37:811;10;Wind < start wind;Info;phasing out
09/04/2024 18:20:50:156;10;Wind < start wind;Info;incoming
09/04/2024 18:20:50:156;0;System OK;Info;phasing out
09/04/2024 18:11:10:595;0;System OK;Info;incoming
09/04/2024 18:11:10:595;10;Wind < start wind;Info;phasing out
09/04/2024 18:10:22:939;10;Wind < start wind;Info;incoming
09/04/2024 18:10:22:939;0;System OK;Info;phasing out
09/04/2024 17:52:59:012;0;System OK;Info;incoming
09/04/2024 17:52:59:012;10;Wind < start wind;Info;phasing out
09/04/2024 17:52:11:357;10;Wind < start wind;Info;incoming
09/04/2024 17:52:11:357;0;System OK;Info;phasing out
09/04/2024 17:41:53:431;0;System OK;Info;incoming
09/04/2024 17:41:53:431;10;Wind < start wind;Info;phasing out
09/04/2024 17:41:05:776;10;Wind < start wind;Info;incoming
09/04/2024 17:41:05:776;0;System OK;Info;phasing out
09/04/2024 17:16:38:042;0;System OK;Info;incoming
09/04/2024 17:16:38:042;10;Wind < start wind;Info;phasing out
09/04/2024 17:15:50:287;10;Wind < start wind;Info;incoming
09/04/2024 17:15:50:287;0;System OK;Info;phasing out
09/04/2024 17:10:29:785;0;System OK;Info;incoming
09/04/2024 17:10:29:785;10;Wind < start wind;Info;phasing out
09/04/2024 17:09:42:130;10;Wind < start wind;Info;incoming
09/04/2024 17:09:42:130;0;System OK;Info;phasing out
09/04/2024 08:28:07:953;21;Manual stop - remote;Info;Reset
09/04/2024 08:28:07:953;0;System OK;Info;incoming
09/04/2024 08:26:24:561;21;Manual stop - remote;Info;incoming
09/04/2024 08:26:24:561;0;System OK;Info;phasing out
09/04/2024 08:15:08:603;20;Manual stop - on site;Info;Reset
09/04/2024 08:15:08:603;0;System OK;Info;incoming
09/04/2024 08:14:28:226;20;Manual stop - on site;Info;incoming
09/04/2024 08:14:28:226;0;System OK;Info;phasing out
09/04/2024 08:12:46:042;100;Safety chain open;Error;Reset
09/04/2024 08:12:46:042;200;Release manual pitch;Info;Reset
09/04/2024 08:12:46:042;665;Pitch error;Error;Reset
09/04/2024 08:12:46:042;350;Max. braking time BP200;Error;Reset
09/04/2024 08:12:46:042;558;Pitch deviation Pitch Back;Error;Reset
09/04/2024 08:12:46:042;0;System OK;Info;incoming
09/04/2024 08:12:44:343;205;Pitch service mode;Info;phasing out
09/04/2024 08:12:43:124;210;Manual brake;Info;phasing out
09/04/2024 08:09:08:346;558;Pitch deviation Pitch Back;Error;incoming
09/04/2024 08:09:01:742;350;Max. braking time BP200;Error;incoming
09/04/2024 08:08:50:063;205;Pitch service mode;Info;incoming
09/04/2024 08:08:49:214;665;Pitch error;Error;incoming
09/04/2024 07:50:13:102;200;Release manual pitch;Info;incoming
09/04/2024 07:50:11:544;100;Safety chain open;Error;incoming
09/04/2024 07:50:07:997;210;Manual brake;Info;incoming
09/04/2024 07:50:07:997;0;System OK;Info;phasing out
09/04/2024 07:49:50:034;20;Manual stop - on site;Info;Reset
09/04/2024 07:49:50:034;0;System OK;Info;incoming
09/04/2024 07:49:17:644;20;Manual stop - on site;Info;incoming
09/04/2024 07:49:17:644;0;System OK;Info;phasing out
09/04/2024 07:48:47:113;25;Manual stop without login;Info;Reset
09/04/2024 07:48:47:113;0;System OK;Info;incoming
09/04/2024 07:48:44:775;210;Manual brake;Info;phasing out
09/04/2024 07:47:39:736;210;Manual brake;Info;incoming
09/04/2024 07:37:30:806;25;Manual stop without login;Info;incoming
09/04/2024 07:37:30:806;0;System OK;Info;phasing out
09/04/2024 07:00:08:014;0;System OK;Info;incoming
09/04/2024 07:00:08:014;10;Wind < start wind;Info;phasing out
09/04/2024 06:59:20:359;10;Wind < start wind;Info;incoming
09/04/2024 06:59:20:359;0;System OK;Info;phasing out
09/04/2024 04:15:17:024;0;System OK;Info;incoming
09/04/2024 04:15:17:024;10;Wind < start wind;Info;phasing out
09/04/2024 04:14:29:368;10;Wind < start wind;Info;incoming
09/04/2024 04:14:29:368;0;System OK;Info;phasing out
09/04/2024 03:51:36:844;0;System OK;Info;incoming
09/04/2024 03:51:36:844;10;Wind < start wind;Info;phasing out
09/04/2024 03:50:49:189;10;Wind < start wind;Info;incoming
09/04/2024 03:16:35:511;0;System OK;Info;incoming
09/04/2024 03:16:35:511;10;Wind < start wind;Info;phasing out
09/04/2024 03:15:47:856;10;Wind < start wind;Info;incoming
09/04/2024 03:15:47:856;0;System OK;Info;phasing out
09/04/2024 03:08:23:567;0;System OK;Info;incoming
09/04/2024 03:08:23:567;10;Wind < start wind;Info;phasing out
09/04/2024 03:07:35:911;10;Wind < start wind;Info;incoming
09/04/2024 03:07:35:911;0;System OK;Info;phasing out
09/04/2024 02:51:25:518;0;System OK;Info;incoming
09/04/2024 02:51:25:518;10;Wind < start wind;Info;phasing out
09/04/2024 02:50:37:862;10;Wind < start wind;Info;incoming
09/04/2024 02:50:37:862;0;System OK;Info;phasing out
09/04/2024 02:39:53:361;0;System OK;Info;incoming
09/04/2024 02:39:53:361;10;Wind < start wind;Info;phasing out
09/04/2024 02:39:05:606;10;Wind < start wind;Info;incoming
09/04/2024 02:39:05:606;0;System OK;Info;phasing out
09/04/2024 02:03:09:511;0;System OK;Info;incoming
09/04/2024 02:03:09:511;10;Wind < start wind;Info;phasing out
09/04/2024 02:02:21:755;10;Wind < start wind;Info;incoming
09/04/2024 02:02:21:755;0;System OK;Info;phasing out
09/04/2024 01:43:07:523;0;System OK;Info;incoming
09/04/2024 01:43:07:523;10;Wind < start wind;Info;phasing out
09/04/2024 01:42:19:868;10;Wind < start wind;Info;incoming
09/04/2024 01:42:19:868;0;System OK;Info;phasing out
09/04/2024 01:23:33:920;0;System OK;Info;incoming
09/04/2024 01:23:33:920;10;Wind < start wind;Info;phasing out
09/04/2024 01:22:46:265;10;Wind < start wind;Info;incoming
09/04/2024 01:22:46:265;0;System OK;Info;phasing out
09/04/2024 01:11:26:894;0;System OK;Info;incoming
09/04/2024 01:11:26:894;10;Wind < start wind;Info;phasing out
09/04/2024 01:10:39:238;10;Wind < start wind;Info;incoming
09/04/2024 01:10:39:238;0;System OK;Info;phasing out
09/04/2024 00:59:41:922;0;System OK;Info;incoming
09/04/2024 00:59:41:922;10;Wind < start wind;Info;phasing out
09/04/2024 00:58:54:166;10;Wind < start wind;Info;incoming
09/04/2024 00:58:54:166;0;System OK;Info;phasing out
09/04/2024 00:32:16:749;0;System OK;Info;incoming
09/04/2024 00:32:16:749;10;Wind < start wind;Info;phasing out
09/04/2024 00:31:29:094;10;Wind < start wind;Info;incoming
09/04/2024 00:31:29:094;0;System OK;Info;phasing out
09/04/2024 00:05:14:353;0;System OK;Info;incoming
09/04/2024 00:05:14:353;10;Wind < start wind;Info;phasing out
09/04/2024 00:04:26:598;10;Wind < start wind;Info;incoming
09/04/2024 00:04:26:598;0;System OK;Info;phasing out
08/04/2024 23:58:08:950;0;System OK;Info;incoming
08/04/2024 23:58:08:950;10;Wind < start wind;Info;phasing out
08/04/2024 23:57:21:294;10;Wind < start wind;Info;incoming
08/04/2024 23:57:21:294;0;System OK;Info;phasing out
08/04/2024 23:53:24:710;0;System OK;Info;incoming
08/04/2024 23:53:24:710;10;Wind < start wind;Info;phasing out
08/04/2024 23:52:37:055;10;Wind < start wind;Info;incoming
08/04/2024 23:52:37:055;0;System OK;Info;phasing out
08/04/2024 23:02:35:035;0;System OK;Info;incoming
08/04/2024 23:02:35:035;10;Wind < start wind;Info;phasing out
08/04/2024 23:01:47:380;10;Wind < start wind;Info;incoming
08/04/2024 23:01:47:380;0;System OK;Info;phasing out
08/04/2024 22:53:41:732;0;System OK;Info;incoming
08/04/2024 22:53:41:732;10;Wind < start wind;Info;phasing out
08/04/2024 22:52:54:076;10;Wind < start wind;Info;incoming
08/04/2024 22:52:54:076;0;System OK;Info;phasing out
08/04/2024 22:44:27:542;0;System OK;Info;incoming
08/04/2024 22:44:27:542;10;Wind < start wind;Info;phasing out
08/04/2024 22:43:39:887;10;Wind < start wind;Info;incoming
08/04/2024 22:43:39:887;0;System OK;Info;phasing out
08/04/2024 22:39:23:926;0;System OK;Info;incoming
08/04/2024 22:39:23:926;10;Wind < start wind;Info;phasing out
08/04/2024 22:38:36:270;10;Wind < start wind;Info;incoming
08/04/2024 22:38:36:270;0;System OK;Info;phasing out
08/04/2024 22:25:15:413;0;System OK;Info;incoming
08/04/2024 22:25:15:413;10;Wind < start wind;Info;phasing out
08/04/2024 22:24:27:751;10;Wind < start wind;Info;incoming
08/04/2024 22:24:27:751;0;System OK;Info;phasing out
08/04/2024 17:24:31:580;0;System OK;Info;incoming
08/04/2024 17:24:31:580;3570;Grid error;Info;phasing out
08/04/2024 17:24:27:044;3570;Grid error;Info;incoming
08/04/2024 17:24:27:044;0;System OK;Info;phasing out
08/04/2024 17:24:27:014;3570;Grid error;Info;Reset
08/04/2024 17:24:27:014;0;System OK;Info;incoming
08/04/2024 17:24:24:197;3570;Grid error;Info;incoming
08/04/2024 17:24:24:197;0;System OK;Info;phasing out
08/04/2024 17:24:24:167;2125;Timeout brake closed;Warning;Reset
08/04/2024 17:24:24:167;3502;Timeout grid error;Error;Reset
08/04/2024 17:24:24:167;0;System OK;Info;incoming
08/04/2024 17:24:21:599;8000;Park master stop;Info;Reset
08/04/2024 17:24:21:599;350;Max. braking time BP200;Error;Reset
08/04/2024 17:24:21:599;3500;Grid loss;Info;Reset
08/04/2024 17:24:21:599;3750;Grid measurement error;Error;Reset
08/04/2024 17:24:21:599;100;Safety chain open;Error;Reset
08/04/2024 17:24:21:599;518;Pitch limit switch 3;Error;Reset
08/04/2024 17:24:21:599;675;Pitch measuring system 1><2;Warning;Reset
08/04/2024 17:24:21:599;558;Pitch deviation Pitch Back;Error;Reset
08/04/2024 17:24:21:599;455;Repeating error BP52;Error;Reset
08/04/2024 17:24:21:599;210;Manual brake;Info;phasing out
08/04/2024 17:22:11:881;455;Repeating error BP52;Error;incoming
08/04/2024 17:22:11:871;675;Pitch measuring system 1><2;Warning;incoming
08/04/2024 17:19:41:391;675;Pitch measuring system 1><2;Warning;Reset
08/04/2024 17:01:28:512;3502;Timeout grid error;Error;incoming
08/04/2024 17:01:24:356;2125;Timeout brake closed;Warning;incoming
08/04/2024 16:40:52:407;8405;Fallback setpoints active;Info;phasing out
08/04/2024 16:40:52:397;8400;Comm. failure FPM;Warning;phasing out
08/04/2024 16:02:39:519;8405;Fallback setpoints active;Info;incoming
08/04/2024 16:02:39:509;8400;Comm. failure FPM;Warning;incoming
08/04/2024 16:01:56:958;350;Max. braking time BP200;Error;incoming
08/04/2024 16:01:29:583;8405;Fallback setpoints active;Info;phasing out
08/04/2024 16:01:29:573;8400;Comm. failure FPM;Warning;phasing out
08/04/2024 16:01:28:794;558;Pitch deviation Pitch Back;Error;incoming
08/04/2024 16:01:28:324;675;Pitch measuring system 1><2;Warning;incoming
08/04/2024 16:01:27:285;518;Pitch limit switch 3;Error;incoming
08/04/2024 06:33:49:278;210;Manual brake;Info;incoming
08/04/2024 06:33:49:118;100;Safety chain open;Error;incoming
08/04/2024 06:33:49:088;3750;Grid measurement error;Error;incoming
08/04/2024 06:07:07:186;8405;Fallback setpoints active;Info;incoming
08/04/2024 06:07:07:176;8400;Comm. failure FPM;Warning;incoming
08/04/2024 06:06:53:799;3575;Minimum grid frequency;Info;phasing out
08/04/2024 06:06:53:209;3500;Grid loss;Info;incoming
08/04/2024 06:06:52:690;3575;Minimum grid frequency;Info;incoming
08/04/2024 06:00:07:558;8000;Park master stop;Info;incoming
08/04/2024 06:00:07:558;0;System OK;Info;phasing out

