Siemens Gamesa Renewable Energy Service GmbH
Status code list
Units: 
Rymanow WEC  7/MM92/92151
time period: 08/04/2024 - 09/04/2024 [GMT+01:00]
created by Pawel Kurzawinski on 19/04/2024 [GMT+02:00]
Status codes for  Rymanow WEC  7/MM92/92151
Units:
Rymanow WEC  7/MM92/92151

date and time [GMT+01:00];Status code number;Status code name;Status code type;incoming/phasing out
09/04/2024 11:47:35:469;0;System OK;Info;incoming
09/04/2024 11:47:35:469;10;Wind < start wind;Info;phasing out
09/04/2024 11:46:47:816;10;Wind < start wind;Info;incoming
09/04/2024 11:46:47:816;0;System OK;Info;phasing out
09/04/2024 11:18:32:619;0;System OK;Info;incoming
09/04/2024 11:18:32:619;10;Wind < start wind;Info;phasing out
09/04/2024 11:17:44:866;10;Wind < start wind;Info;incoming
09/04/2024 11:17:44:866;0;System OK;Info;phasing out
09/04/2024 07:17:33:370;0;System OK;Info;incoming
09/04/2024 07:17:33:370;10;Wind < start wind;Info;phasing out
09/04/2024 07:16:45:716;10;Wind < start wind;Info;incoming
09/04/2024 07:16:45:716;0;System OK;Info;phasing out
09/04/2024 07:12:31:083;0;System OK;Info;incoming
09/04/2024 07:12:31:083;10;Wind < start wind;Info;phasing out
09/04/2024 07:11:43:329;10;Wind < start wind;Info;incoming
09/04/2024 07:11:43:329;0;System OK;Info;phasing out
09/04/2024 06:43:54:957;0;System OK;Info;incoming
09/04/2024 06:43:54:957;710;Battery test;Info;phasing out
09/04/2024 06:41:48:081;710;Battery test;Info;incoming
09/04/2024 06:41:48:081;0;System OK;Info;phasing out
09/04/2024 06:35:14:216;0;System OK;Info;incoming
09/04/2024 06:35:14:216;8000;Park master stop;Info;phasing out
09/04/2024 06:33:11:996;3420;UPS buffer time too short;Error;Reset
09/04/2024 06:33:11:996;3500;Grid loss;Info;Reset
09/04/2024 06:32:58:069;100;Safety chain open;Error;phasing out
09/04/2024 06:32:53:543;3750;Grid measurement error;Error;phasing out
09/04/2024 06:31:55:026;3420;UPS buffer time too short;Error;incoming
09/04/2024 06:31:53:549;3575;Minimum grid frequency;Info;phasing out
08/04/2024 06:06:53:484;100;Safety chain open;Error;incoming
08/04/2024 06:06:53:484;3750;Grid measurement error;Error;incoming
08/04/2024 06:06:53:214;3500;Grid loss;Info;incoming
08/04/2024 06:06:53:045;3593;Grid recovery;Info;phasing out
08/04/2024 06:06:52:845;3593;Grid recovery;Info;incoming
08/04/2024 06:06:52:695;3575;Minimum grid frequency;Info;incoming
08/04/2024 06:00:08:069;8000;Park master stop;Info;incoming
08/04/2024 06:00:08:069;0;System OK;Info;phasing out
08/04/2024 03:49:37:114;0;System OK;Info;incoming
08/04/2024 03:49:37:114;3160;Cable overload;Warning;phasing out
08/04/2024 03:48:48:163;3160;Cable overload;Warning;incoming
08/04/2024 03:48:48:163;0;System OK;Info;phasing out

